Frame No.,UTC Timestamp,Lat,Long,estimated_time
0,20:07:32,32.70297,-117.23463100000001,00:00:00
1,20:07:32,32.70297,-117.23463100000001,00:00:00
2,20:07:32,32.70297,-117.23463100000001,00:00:00
3,20:07:32,32.70297,-117.23463100000001,00:00:00
4,20:07:32,32.70297,-117.23463100000001,00:00:00
5,20:07:32,32.70297,-117.23463100000001,00:00:00
6,20:07:32,32.70297,-117.23463100000001,00:00:00
7,20:07:32,32.70297,-117.23463100000001,00:00:00
8,20:07:32,32.70297,-117.23463100000001,00:00:00
9,20:07:32,32.70297,-117.23463100000001,00:00:00
10,20:07:32,32.70297,-117.23463100000001,00:00:00
11,20:07:32,32.70297,-117.23463100000001,00:00:00
12,20:07:32,32.70297,-117.23463100000001,00:00:00
13,20:07:32,32.70297,-117.23463100000001,00:00:00
14,20:07:32,32.70297,-117.23463100000001,00:00:00
15,20:07:32,32.70297,-117.23463100000001,00:00:00
16,20:07:32,32.70297,-117.23463100000001,00:00:00
17,20:07:32,32.70297,-117.23463100000001,00:00:00
18,20:07:32,32.70297,-117.23463100000001,00:00:00
19,20:07:32,32.70297,-117.23463100000001,00:00:00
20,20:07:32,32.70297,-117.23463100000001,00:00:00
21,20:07:32,32.70297,-117.23463100000001,00:00:00
22,20:07:32,32.70297,-117.23463100000001,00:00:00
23,20:07:32,32.70297,-117.23463100000001,00:00:00
24,20:07:32,32.70297,-117.23463100000001,00:00:00
25,20:07:32,32.70297,-117.23463100000001,00:00:00
26,20:07:32,32.70297,-117.23463100000001,00:00:00
27,20:07:32,32.70297,-117.23463100000001,00:00:00
28,20:07:32,32.70297,-117.23463100000001,00:00:00
29,20:07:32,32.70297,-117.23463100000001,00:00:00
30,20:07:32,32.70297,-117.23463100000001,00:00:00
31,20:07:32,32.70297,-117.23463100000001,00:00:00
32,20:07:32,32.70297,-117.23463100000001,00:00:00
33,20:07:32,32.70297,-117.23463100000001,00:00:00
34,20:07:32,32.70297,-117.23463100000001,00:00:00
35,20:07:32,32.70297,-117.23463100000001,00:00:00
36,20:07:32,32.70297,-117.23463100000001,00:00:00
37,20:07:32,32.70297,-117.23463100000001,00:00:00
38,20:07:32,32.70297,-117.23463100000001,00:00:00
39,20:07:32,32.70297,-117.23463100000001,00:00:00
40,20:07:32,32.70297,-117.23463100000001,00:00:00
41,20:07:32,32.70297,-117.23463100000001,00:00:00
42,20:07:32,32.70297,-117.23463100000001,00:00:00
43,20:07:32,32.70297,-117.23463100000001,00:00:00
44,20:07:32,32.70297,-117.23463100000001,00:00:00
45,20:07:32,32.70297,-117.23463100000001,00:00:00
46,20:07:32,32.70297,-117.23463100000001,00:00:00
47,20:07:32,32.70297,-117.23463100000001,00:00:00
48,20:07:32,32.70297,-117.23463100000001,00:00:00
49,20:07:32,32.70297,-117.23463100000001,00:00:00
50,20:07:32,32.70297,-117.23463100000001,00:00:00
51,20:07:32,32.70297,-117.23463100000001,00:00:00
52,20:07:32,32.70297,-117.23463100000001,00:00:00
53,20:07:32,32.70297,-117.23463100000001,00:00:00
54,20:07:32,32.70297,-117.23463100000001,00:00:00
55,20:07:32,32.70297,-117.23463100000001,00:00:00
56,20:07:32,32.70297,-117.23463100000001,00:00:00
57,20:07:32,32.70297,-117.23463100000001,00:00:00
58,20:07:32,32.70297,-117.23463100000001,00:00:00
59,20:07:32,32.70297,-117.23463100000001,00:00:00
60,20:07:32,32.70297,-117.23463100000001,00:00:00
61,20:07:32,32.70297,-117.23463100000001,00:00:00
62,20:07:32,32.70297,-117.23463100000001,00:00:00
63,20:07:32,32.70297,-117.23463100000001,00:00:00
64,20:07:32,32.70297,-117.23463100000001,00:00:00
65,20:07:32,32.70297,-117.23463100000001,00:00:00
66,20:07:32,32.70297,-117.23463100000001,00:00:00
67,20:07:32,32.70297,-117.23463100000001,00:00:00
68,20:07:32,32.70297,-117.23463100000001,00:00:00
69,20:07:32,32.70297,-117.23463100000001,00:00:00
70,20:07:32,32.70297,-117.23463100000001,00:00:00
71,20:07:32,32.70297,-117.23463100000001,00:00:00
72,20:07:32,32.70297,-117.23463100000001,00:00:00
73,20:07:32,32.70297,-117.23463100000001,00:00:00
74,20:07:32,32.70297,-117.23463100000001,00:00:00
75,20:07:32,32.70297,-117.23463100000001,00:00:00
76,20:07:32,32.70297,-117.23463100000001,00:00:00
77,20:07:32,32.70297,-117.23463100000001,00:00:00
78,20:07:32,32.70297,-117.23463100000001,00:00:00
79,20:07:32,32.70297,-117.23463100000001,00:00:00
80,20:07:32,32.70297,-117.23463100000001,00:00:00
81,20:07:32,32.70297,-117.23463100000001,00:00:00
82,20:07:32,32.70297,-117.23463100000001,00:00:00
83,20:07:32,32.70297,-117.23463100000001,00:00:00
84,20:07:32,32.70297,-117.23463100000001,00:00:00
85,20:07:32,32.70297,-117.23463100000001,00:00:00
86,20:07:32,32.70297,-117.23463100000001,00:00:00
87,20:07:32,32.70297,-117.23463100000001,00:00:00
88,20:07:32,32.70297,-117.23463100000001,00:00:00
89,20:07:32,32.70297,-117.23463100000001,00:00:00
90,20:07:32,32.70297,-117.23463100000001,00:00:00
91,20:07:32,32.70297,-117.23463100000001,00:00:00
92,20:07:32,32.70297,-117.23463100000001,00:00:00
93,20:07:32,32.70297,-117.23463100000001,00:00:00
94,20:07:32,32.70297,-117.23463100000001,00:00:00
95,20:07:32,32.70297,-117.23463100000001,00:00:00
96,20:07:32,32.70297,-117.23463100000001,00:00:00
97,20:07:32,32.70297,-117.23463100000001,00:00:00
98,20:07:32,32.70297,-117.23463100000001,00:00:00
99,20:07:32,32.70297,-117.23463100000001,00:00:00
100,20:07:32,32.70297,-117.23463100000001,00:00:00
101,20:07:32,32.70297,-117.23463100000001,00:00:00
102,20:07:32,32.70297,-117.23463100000001,00:00:00
103,20:07:32,32.70297,-117.23463100000001,00:00:00
104,20:07:32,32.70297,-117.23463100000001,00:00:00
105,20:07:32,32.70297,-117.23463100000001,00:00:00
106,20:07:32,32.70297,-117.23463100000001,00:00:00
107,20:07:32,32.70297,-117.23463100000001,00:00:00
108,20:07:32,32.70297,-117.23463100000001,00:00:00
109,20:07:32,32.70297,-117.23463100000001,00:00:00
110,20:07:32,32.70297,-117.23463100000001,00:00:00
111,20:07:32,32.70297,-117.23463100000001,00:00:00
112,20:07:32,32.70297,-117.23463100000001,00:00:00
113,20:07:32,32.70297,-117.23463100000001,00:00:00
114,20:07:32,32.70297,-117.23463100000001,00:00:00
115,20:07:32,32.70297,-117.23463100000001,00:00:00
116,20:07:32,32.70297,-117.23463100000001,00:00:00
117,20:07:37,32.70297,-117.23463100000001,20:07:37
118,20:07:37,32.70297,-117.23463100000001,20:07:37
119,20:07:37,32.70297,-117.23463100000001,20:07:37
120,20:07:37,32.70297,-117.23463100000001,20:07:37
121,20:07:37,32.70297,-117.23463100000001,20:07:37
122,20:07:37,32.70297,-117.23463100000001,20:07:37
123,20:07:37,32.70297,-117.23463100000001,20:07:37
124,20:07:37,32.70297,-117.23463100000001,20:07:37
125,20:07:37,32.70297,-117.23463100000001,20:07:37
126,20:07:37,32.70297,-117.23463100000001,20:07:37
127,20:07:37,32.70297,-117.23463100000001,20:07:37
128,20:07:37,32.70297,-117.23463100000001,20:07:37
129,20:07:37,32.70297,-117.23463100000001,20:07:37
130,20:07:37,32.70297,-117.23463100000001,20:07:37
131,20:07:37,32.70297,-117.23463100000001,20:07:37
132,20:07:37,32.70297,-117.23463100000001,20:07:37
133,20:07:37,32.70297,-117.23463100000001,20:07:37
134,20:07:37,32.70297,-117.23463100000001,20:07:37
135,20:07:37,32.70297,-117.23463100000001,20:07:37
136,20:07:37,32.70297,-117.23463100000001,20:07:37
137,20:07:37,32.70297,-117.23463100000001,20:07:37
138,20:07:37,32.70297,-117.23463100000001,20:07:37
139,20:07:37,32.70297,-117.23463100000001,20:07:37
140,20:07:37,32.70297,-117.23463100000001,20:07:37
141,20:07:37,32.70297,-117.23463100000001,20:07:37
142,20:07:37,32.70297,-117.23463100000001,20:07:37
143,20:07:37,32.70297,-117.23463100000001,20:07:37
144,20:07:37,32.70297,-117.23463100000001,20:07:37
145,20:07:37,32.70297,-117.23463100000001,20:07:37
146,20:07:37,32.70297,-117.23463100000001,20:07:37
147,20:07:37,32.70297,-117.23463100000001,20:07:37
148,20:07:37,32.70297,-117.23463100000001,20:07:38
149,20:07:37,32.70297,-117.23463100000001,20:07:38
150,20:07:37,32.70297,-117.23463100000001,20:07:38
151,20:07:37,32.70297,-117.23463100000001,20:07:38
152,20:07:37,32.70297,-117.23463100000001,20:07:38
153,20:07:37,32.70297,-117.23463100000001,20:07:38
154,20:07:37,32.70297,-117.23463100000001,20:07:38
155,20:07:37,32.70297,-117.23463100000001,20:07:38
156,20:07:37,32.70297,-117.23463100000001,20:07:38
157,20:07:37,32.70297,-117.23463100000001,20:07:38
158,20:07:37,32.70297,-117.23463100000001,20:07:38
159,20:07:37,32.70297,-117.23463100000001,20:07:38
160,20:07:37,32.70297,-117.23463100000001,20:07:38
161,20:07:37,32.70297,-117.23463100000001,20:07:38
162,20:07:37,32.70297,-117.23463100000001,20:07:38
163,20:07:37,32.70297,-117.23463100000001,20:07:38
164,20:07:37,32.70297,-117.23463100000001,20:07:38
165,20:07:37,32.70297,-117.23463100000001,20:07:38
166,20:07:37,32.70297,-117.23463100000001,20:07:38
167,20:07:37,32.70297,-117.23463100000001,20:07:38
168,20:07:37,32.70297,-117.23463100000001,20:07:38
169,20:07:37,32.70297,-117.23463100000001,20:07:38
170,20:07:37,32.70297,-117.23463100000001,20:07:38
171,20:07:37,32.70297,-117.23463100000001,20:07:38
172,20:07:37,32.70297,-117.23463100000001,20:07:38
173,20:07:37,32.70297,-117.23463100000001,20:07:38
174,20:07:37,32.70297,-117.23463100000001,20:07:38
175,20:07:37,32.70297,-117.23463100000001,20:07:38
176,20:07:37,32.70297,-117.23463100000001,20:07:38
177,20:07:37,32.70297,-117.23463100000001,20:07:38
178,20:07:37,32.70297,-117.23463100000001,20:07:38
179,20:07:37,32.70297,-117.23463100000001,20:07:39
180,20:07:37,32.70297,-117.23463100000001,20:07:39
181,20:07:37,32.70297,-117.23463100000001,20:07:39
182,20:07:37,32.70297,-117.23463100000001,20:07:39
183,20:07:37,32.70297,-117.23463100000001,20:07:39
184,20:07:37,32.70297,-117.23463100000001,20:07:39
185,20:07:37,32.70297,-117.23463100000001,20:07:39
186,20:07:37,32.70297,-117.23463100000001,20:07:39
187,20:07:37,32.70297,-117.23463100000001,20:07:39
188,20:07:37,32.70297,-117.23463100000001,20:07:39
189,20:07:37,32.70297,-117.23463100000001,20:07:39
190,20:07:37,32.70297,-117.23463100000001,20:07:39
191,20:07:37,32.70297,-117.23463100000001,20:07:39
192,20:07:37,32.70297,-117.23463100000001,20:07:39
193,20:07:37,32.70297,-117.23463100000001,20:07:39
194,20:07:37,32.70297,-117.23463100000001,20:07:39
195,20:07:37,32.70297,-117.23463100000001,20:07:39
196,20:07:37,32.70297,-117.23463100000001,20:07:39
197,20:07:37,32.70297,-117.23463100000001,20:07:39
198,20:07:37,32.70297,-117.23463100000001,20:07:39
199,20:07:37,32.70297,-117.23463100000001,20:07:39
200,20:07:37,32.70297,-117.23463100000001,20:07:39
201,20:07:37,32.70297,-117.23463100000001,20:07:39
202,20:07:37,32.70297,-117.23463100000001,20:07:39
203,20:07:37,32.70297,-117.23463100000001,20:07:39
204,20:07:37,32.70297,-117.23463100000001,20:07:39
205,20:07:37,32.70297,-117.23463100000001,20:07:39
206,20:07:37,32.70297,-117.23463100000001,20:07:39
207,20:07:37,32.70297,-117.23463100000001,20:07:39
208,20:07:37,32.70297,-117.23463100000001,20:07:39
209,20:07:37,32.70297,-117.23463100000001,20:07:39
210,20:07:37,32.70297,-117.23463100000001,20:07:40
211,20:07:37,32.70297,-117.23463100000001,20:07:40
212,20:07:37,32.70297,-117.23463100000001,20:07:40
213,20:07:37,32.70297,-117.23463100000001,20:07:40
214,20:07:37,32.70297,-117.23463100000001,20:07:40
215,20:07:37,32.70297,-117.23463100000001,20:07:40
216,20:07:37,32.70297,-117.23463100000001,20:07:40
217,20:07:37,32.70297,-117.23463100000001,20:07:40
218,20:07:37,32.70297,-117.23463100000001,20:07:40
219,20:07:37,32.70297,-117.23463100000001,20:07:40
220,20:07:37,32.70297,-117.23463100000001,20:07:40
221,20:07:37,32.70297,-117.23463100000001,20:07:40
222,20:07:37,32.70297,-117.23463100000001,20:07:40
223,20:07:37,32.70297,-117.23463100000001,20:07:40
224,20:07:37,32.70297,-117.23463100000001,20:07:40
225,20:07:37,32.70297,-117.23463100000001,20:07:40
226,20:07:37,32.70297,-117.23463100000001,20:07:40
227,20:07:37,32.70297,-117.23463100000001,20:07:40
228,20:07:37,32.70297,-117.23463100000001,20:07:40
229,20:07:37,32.70297,-117.23463100000001,20:07:40
230,20:07:37,32.70297,-117.23463100000001,20:07:40
231,20:07:37,32.70297,-117.23463100000001,20:07:40
232,20:07:37,32.70297,-117.23463100000001,20:07:40
233,20:07:37,32.70297,-117.23463100000001,20:07:40
234,20:07:37,32.70297,-117.23463100000001,20:07:40
235,20:07:37,32.70297,-117.23463100000001,20:07:40
236,20:07:37,32.70297,-117.23463100000001,20:07:40
237,20:07:37,32.70297,-117.23463100000001,20:07:40
238,20:07:37,32.70297,-117.23463100000001,20:07:40
239,20:07:37,32.70297,-117.23463100000001,20:07:40
240,20:07:37,32.70297,-117.23463100000001,20:07:40
241,20:07:37,32.70297,-117.23463100000001,20:07:41
242,20:07:37,32.70297,-117.23463100000001,20:07:41
243,20:07:37,32.70297,-117.23463100000001,20:07:41
244,20:07:37,32.70297,-117.23463100000001,20:07:41
245,20:07:37,32.70297,-117.23463100000001,20:07:41
246,20:07:42,32.70297,-117.23463100000001,20:07:42
247,20:07:42,32.70297,-117.23463100000001,20:07:42
248,20:07:42,32.70297,-117.23463100000001,20:07:42
249,20:07:42,32.70297,-117.23463100000001,20:07:42
250,20:07:42,32.70297,-117.23463100000001,20:07:42
251,20:07:42,32.70297,-117.23463100000001,20:07:42
252,20:07:42,32.70297,-117.23463100000001,20:07:42
253,20:07:42,32.70297,-117.23463100000001,20:07:42
254,20:07:42,32.70297,-117.23463100000001,20:07:42
255,20:07:42,32.70297,-117.23463100000001,20:07:42
256,20:07:42,32.70297,-117.23463100000001,20:07:42
257,20:07:42,32.70297,-117.23463100000001,20:07:42
258,20:07:42,32.70297,-117.23463100000001,20:07:42
259,20:07:42,32.70297,-117.23463100000001,20:07:42
260,20:07:42,32.70297,-117.23463100000001,20:07:42
261,20:07:42,32.70297,-117.23463100000001,20:07:42
262,20:07:42,32.70297,-117.23463100000001,20:07:42
263,20:07:42,32.70297,-117.23463100000001,20:07:42
264,20:07:42,32.70297,-117.23463100000001,20:07:42
265,20:07:42,32.70297,-117.23463100000001,20:07:42
266,20:07:42,32.70297,-117.23463100000001,20:07:42
267,20:07:42,32.70297,-117.23463100000001,20:07:42
268,20:07:42,32.70297,-117.23463100000001,20:07:42
269,20:07:42,32.70297,-117.23463100000001,20:07:42
270,20:07:42,32.70297,-117.23463100000001,20:07:42
271,20:07:42,32.70297,-117.23463100000001,20:07:42
272,20:07:42,32.70297,-117.23463100000001,20:07:42
273,20:07:42,32.70297,-117.23463100000001,20:07:42
274,20:07:42,32.70297,-117.23463100000001,20:07:42
275,20:07:42,32.70297,-117.23463100000001,20:07:42
276,20:07:42,32.70297,-117.23463100000001,20:07:42
277,20:07:42,32.70297,-117.23463100000001,20:07:43
278,20:07:42,32.70297,-117.23463100000001,20:07:43
279,20:07:42,32.70297,-117.23463100000001,20:07:43
280,20:07:42,32.70297,-117.23463100000001,20:07:43
281,20:07:42,32.70297,-117.23463100000001,20:07:43
282,20:07:42,32.70297,-117.23463100000001,20:07:43
283,20:07:42,32.70297,-117.23463100000001,20:07:43
284,20:07:42,32.70297,-117.23463100000001,20:07:43
285,20:07:42,32.70297,-117.23463100000001,20:07:43
286,20:07:42,32.70297,-117.23463100000001,20:07:43
287,20:07:42,32.70297,-117.23463100000001,20:07:43
288,20:07:42,32.70297,-117.23463100000001,20:07:43
289,20:07:42,32.70297,-117.23463100000001,20:07:43
290,20:07:42,32.70297,-117.23463100000001,20:07:43
291,20:07:42,32.70297,-117.23463100000001,20:07:43
292,20:07:42,32.70297,-117.23463100000001,20:07:43
293,20:07:42,32.70297,-117.23463100000001,20:07:43
294,20:07:42,32.70297,-117.23463100000001,20:07:43
295,20:07:42,32.70297,-117.23463100000001,20:07:43
296,20:07:42,32.70297,-117.23463100000001,20:07:43
297,20:07:42,32.70297,-117.23463100000001,20:07:43
298,20:07:42,32.70297,-117.23463100000001,20:07:43
299,20:07:42,32.70297,-117.23463100000001,20:07:43
300,20:07:42,32.70297,-117.23463100000001,20:07:43
301,20:07:42,32.70297,-117.23463100000001,20:07:43
302,20:07:42,32.70297,-117.23463100000001,20:07:43
303,20:07:42,32.70297,-117.23463100000001,20:07:43
304,20:07:42,32.70297,-117.23463100000001,20:07:43
305,20:07:42,32.70297,-117.23463100000001,20:07:43
306,20:07:42,32.70297,-117.23463100000001,20:07:43
307,20:07:42,32.70297,-117.23463100000001,20:07:43
308,20:07:42,32.70297,-117.23463100000001,20:07:44
309,20:07:42,32.70297,-117.23463100000001,20:07:44
310,20:07:42,32.70297,-117.23463100000001,20:07:44
311,20:07:42,32.70297,-117.23463100000001,20:07:44
312,20:07:42,32.70297,-117.23463100000001,20:07:44
313,20:07:42,32.70297,-117.23463100000001,20:07:44
314,20:07:42,32.70297,-117.23463100000001,20:07:44
315,20:07:42,32.70297,-117.23463100000001,20:07:44
316,20:07:42,32.70297,-117.23463100000001,20:07:44
317,20:07:42,32.70297,-117.23463100000001,20:07:44
318,20:07:42,32.70297,-117.23463100000001,20:07:44
319,20:07:42,32.70297,-117.23463100000001,20:07:44
320,20:07:42,32.70297,-117.23463100000001,20:07:44
321,20:07:42,32.70297,-117.23463100000001,20:07:44
322,20:07:42,32.70297,-117.23463100000001,20:07:44
323,20:07:42,32.70297,-117.23463100000001,20:07:44
324,20:07:42,32.70297,-117.23463100000001,20:07:44
325,20:07:42,32.70297,-117.23463100000001,20:07:44
326,20:07:42,32.70297,-117.23463100000001,20:07:44
327,20:07:42,32.70297,-117.23463100000001,20:07:44
328,20:07:42,32.70297,-117.23463100000001,20:07:44
329,20:07:42,32.70297,-117.23463100000001,20:07:44
330,20:07:42,32.70297,-117.23463100000001,20:07:44
331,20:07:42,32.70297,-117.23463100000001,20:07:44
332,20:07:42,32.70297,-117.23463100000001,20:07:44
333,20:07:42,32.70297,-117.23463100000001,20:07:44
334,20:07:42,32.70297,-117.23463100000001,20:07:44
335,20:07:42,32.70297,-117.23463100000001,20:07:44
336,20:07:42,32.70297,-117.23463100000001,20:07:44
337,20:07:42,32.70297,-117.23463100000001,20:07:44
338,20:07:42,32.70297,-117.23463100000001,20:07:44
339,20:07:42,32.70297,-117.23463100000001,20:07:45
340,20:07:42,32.70297,-117.23463100000001,20:07:45
341,20:07:42,32.70297,-117.23463100000001,20:07:45
342,20:07:42,32.70297,-117.23463100000001,20:07:45
343,20:07:42,32.70297,-117.23463100000001,20:07:45
344,20:07:42,32.70297,-117.23463100000001,20:07:45
345,20:07:42,32.70297,-117.23463100000001,20:07:45
346,20:07:42,32.70297,-117.23463100000001,20:07:45
347,20:07:42,32.70297,-117.23463100000001,20:07:45
348,20:07:42,32.70297,-117.23463100000001,20:07:45
349,20:07:42,32.70297,-117.23463100000001,20:07:45
350,20:07:42,32.70297,-117.23463100000001,20:07:45
351,20:07:42,32.70297,-117.23463100000001,20:07:45
352,20:07:42,32.70297,-117.23463100000001,20:07:45
353,20:07:42,32.70297,-117.23463100000001,20:07:45
354,20:07:42,32.70297,-117.23463100000001,20:07:45
355,20:07:42,32.70297,-117.23463100000001,20:07:45
356,20:07:42,32.70297,-117.23463100000001,20:07:45
357,20:07:42,32.70297,-117.23463100000001,20:07:45
358,20:07:42,32.70297,-117.23463100000001,20:07:45
359,20:07:42,32.70297,-117.23463100000001,20:07:45
360,20:07:42,32.70297,-117.23463100000001,20:07:45
361,20:07:42,32.70297,-117.23463100000001,20:07:45
362,20:07:42,32.70297,-117.23463100000001,20:07:45
363,20:07:42,32.70297,-117.23463100000001,20:07:45
364,20:07:42,32.70297,-117.23463100000001,20:07:45
365,20:07:42,32.70297,-117.23463100000001,20:07:45
366,20:07:42,32.70297,-117.23463100000001,20:07:45
367,20:07:42,32.70297,-117.23463100000001,20:07:45
368,20:07:42,32.70297,-117.23463100000001,20:07:45
369,20:07:42,32.70297,-117.23463100000001,20:07:45
370,20:07:42,32.70297,-117.23463100000001,20:07:46
371,20:07:42,32.70297,-117.23463100000001,20:07:46
372,20:07:42,32.70297,-117.23463100000001,20:07:46
373,20:07:42,32.70297,-117.23463100000001,20:07:46
374,20:07:42,32.70297,-117.23463100000001,20:07:46
375,20:07:47,32.70297,-117.23463100000001,20:07:47
376,20:07:47,32.70297,-117.23463100000001,20:07:47
377,20:07:47,32.70297,-117.23463100000001,20:07:47
378,20:07:47,32.70297,-117.23463100000001,20:07:47
379,20:07:47,32.70297,-117.23463100000001,20:07:47
380,20:07:47,32.70297,-117.23463100000001,20:07:47
381,20:07:47,32.70297,-117.23463100000001,20:07:47
382,20:07:47,32.70297,-117.23463100000001,20:07:47
383,20:07:47,32.70297,-117.23463100000001,20:07:47
384,20:07:47,32.70297,-117.23463100000001,20:07:47
385,20:07:47,32.70297,-117.23463100000001,20:07:47
386,20:07:47,32.70297,-117.23463100000001,20:07:47
387,20:07:47,32.70297,-117.23463100000001,20:07:47
388,20:07:47,32.70297,-117.23463100000001,20:07:47
389,20:07:47,32.70297,-117.23463100000001,20:07:47
390,20:07:47,32.70297,-117.23463100000001,20:07:47
391,20:07:47,32.70297,-117.23463100000001,20:07:47
392,20:07:47,32.70297,-117.23463100000001,20:07:47
393,20:07:47,32.70297,-117.23463100000001,20:07:47
394,20:07:47,32.70297,-117.23463100000001,20:07:47
395,20:07:47,32.70297,-117.23463100000001,20:07:47
396,20:07:47,32.70297,-117.23463100000001,20:07:47
397,20:07:47,32.70297,-117.23463100000001,20:07:47
398,20:07:47,32.70297,-117.23463100000001,20:07:47
399,20:07:47,32.70297,-117.23463100000001,20:07:47
400,20:07:47,32.70297,-117.23463100000001,20:07:47
401,20:07:47,32.70297,-117.23463100000001,20:07:47
402,20:07:47,32.70297,-117.23463100000001,20:07:47
403,20:07:47,32.70297,-117.23463100000001,20:07:47
404,20:07:47,32.70297,-117.23463100000001,20:07:47
405,20:07:47,32.70297,-117.23463100000001,20:07:47
406,20:07:47,32.70297,-117.23463100000001,20:07:48
407,20:07:47,32.70297,-117.23463100000001,20:07:48
408,20:07:47,32.70297,-117.23463100000001,20:07:48
409,20:07:47,32.70297,-117.23463100000001,20:07:48
410,20:07:47,32.70297,-117.23463100000001,20:07:48
411,20:07:47,32.70297,-117.23463100000001,20:07:48
412,20:07:47,32.70297,-117.23463100000001,20:07:48
413,20:07:47,32.70297,-117.23463100000001,20:07:48
414,20:07:47,32.70297,-117.23463100000001,20:07:48
415,20:07:47,32.70297,-117.23463100000001,20:07:48
416,20:07:47,32.70297,-117.23463100000001,20:07:48
417,20:07:47,32.70297,-117.23463100000001,20:07:48
418,20:07:47,32.70297,-117.23463100000001,20:07:48
419,20:07:47,32.70297,-117.23463100000001,20:07:48
420,20:07:47,32.70297,-117.23463100000001,20:07:48
421,20:07:47,32.70297,-117.23463100000001,20:07:48
422,20:07:47,32.70297,-117.23463100000001,20:07:48
423,20:07:47,32.70297,-117.23463100000001,20:07:48
424,20:07:47,32.70297,-117.23463100000001,20:07:48
425,20:07:47,32.70297,-117.23463100000001,20:07:48
426,20:07:47,32.70297,-117.23463100000001,20:07:48
427,20:07:47,32.70297,-117.23463100000001,20:07:48
428,20:07:47,32.70297,-117.23463100000001,20:07:48
429,20:07:47,32.70297,-117.23463100000001,20:07:48
430,20:07:47,32.70297,-117.23463100000001,20:07:48
431,20:07:47,32.70297,-117.23463100000001,20:07:48
432,20:07:47,32.70297,-117.23463100000001,20:07:48
433,20:07:47,32.70297,-117.23463100000001,20:07:48
434,20:07:47,32.70297,-117.23463100000001,20:07:48
435,20:07:47,32.70297,-117.23463100000001,20:07:48
436,20:07:47,32.70297,-117.23463100000001,20:07:48
437,20:07:47,32.70297,-117.23463100000001,20:07:49
438,20:07:47,32.70297,-117.23463100000001,20:07:49
439,20:07:47,32.70297,-117.23463100000001,20:07:49
440,20:07:47,32.70297,-117.23463100000001,20:07:49
441,20:07:47,32.70297,-117.23463100000001,20:07:49
442,20:07:47,32.70297,-117.23463100000001,20:07:49
443,20:07:47,32.70297,-117.23463100000001,20:07:49
444,20:07:47,32.70297,-117.23463100000001,20:07:49
445,20:07:47,32.70297,-117.23463100000001,20:07:49
446,20:07:47,32.70297,-117.23463100000001,20:07:49
447,20:07:47,32.70297,-117.23463100000001,20:07:49
448,20:07:47,32.70297,-117.23463100000001,20:07:49
449,20:07:47,32.70297,-117.23463100000001,20:07:49
450,20:07:47,32.70297,-117.23463100000001,20:07:49
451,20:07:47,32.70297,-117.23463100000001,20:07:49
452,20:07:47,32.70297,-117.23463100000001,20:07:49
453,20:07:47,32.70297,-117.23463100000001,20:07:49
454,20:07:47,32.70297,-117.23463100000001,20:07:49
455,20:07:47,32.70297,-117.23463100000001,20:07:49
456,20:07:47,32.70297,-117.23463100000001,20:07:49
457,20:07:47,32.70297,-117.23463100000001,20:07:49
458,20:07:47,32.70297,-117.23463100000001,20:07:49
459,20:07:47,32.70297,-117.23463100000001,20:07:49
460,20:07:47,32.70297,-117.23463100000001,20:07:49
461,20:07:47,32.70297,-117.23463100000001,20:07:49
462,20:07:47,32.70297,-117.23463100000001,20:07:49
463,20:07:47,32.70297,-117.23463100000001,20:07:49
464,20:07:47,32.70297,-117.23463100000001,20:07:49
465,20:07:47,32.70297,-117.23463100000001,20:07:49
466,20:07:47,32.70297,-117.23463100000001,20:07:49
467,20:07:47,32.70297,-117.23463100000001,20:07:49
468,20:07:47,32.70297,-117.23463100000001,20:07:50
469,20:07:47,32.70297,-117.23463100000001,20:07:50
470,20:07:47,32.70297,-117.23463100000001,20:07:50
471,20:07:47,32.70297,-117.23463100000001,20:07:50
472,20:07:47,32.70297,-117.23463100000001,20:07:50
473,20:07:47,32.70297,-117.23463100000001,20:07:50
474,20:07:47,32.70297,-117.23463100000001,20:07:50
475,20:07:47,32.70297,-117.23463100000001,20:07:50
476,20:07:47,32.70297,-117.23463100000001,20:07:50
477,20:07:47,32.70297,-117.23463100000001,20:07:50
478,20:07:47,32.70297,-117.23463100000001,20:07:50
479,20:07:47,32.70297,-117.23463100000001,20:07:50
480,20:07:47,32.70297,-117.23463100000001,20:07:50
481,20:07:47,32.70297,-117.23463100000001,20:07:50
482,20:07:47,32.70297,-117.23463100000001,20:07:50
483,20:07:47,32.70297,-117.23463100000001,20:07:50
484,20:07:47,32.70297,-117.23463100000001,20:07:50
485,20:07:47,32.70297,-117.23463100000001,20:07:50
486,20:07:47,32.70297,-117.23463100000001,20:07:50
487,20:07:47,32.70297,-117.23463100000001,20:07:50
488,20:07:47,32.70297,-117.23463100000001,20:07:50
489,20:07:47,32.70297,-117.23463100000001,20:07:50
490,20:07:47,32.70297,-117.23463100000001,20:07:50
491,20:07:47,32.70297,-117.23463100000001,20:07:50
492,20:07:47,32.70297,-117.23463100000001,20:07:50
493,20:07:47,32.70297,-117.23463100000001,20:07:50
494,20:07:47,32.70297,-117.23463100000001,20:07:50
495,20:07:47,32.70297,-117.23463100000001,20:07:50
496,20:07:47,32.70297,-117.23463100000001,20:07:50
497,20:07:47,32.70297,-117.23463100000001,20:07:50
498,20:07:47,32.70297,-117.23463100000001,20:07:50
499,20:07:47,32.70297,-117.23463100000001,20:07:51
500,20:07:47,32.70297,-117.23463100000001,20:07:51
501,20:07:47,32.70297,-117.23463100000001,20:07:51
502,20:07:47,32.70297,-117.23463100000001,20:07:51
503,20:07:47,32.70297,-117.23463100000001,20:07:51
504,20:07:47,32.70297,-117.23463100000001,20:07:51
505,20:07:52,32.70297,-117.23463100000001,20:07:52
506,20:07:52,32.70297,-117.23463100000001,20:07:52
507,20:07:52,32.70297,-117.23463100000001,20:07:52
508,20:07:52,32.70297,-117.23463100000001,20:07:52
509,20:07:52,32.70297,-117.23463100000001,20:07:52
510,20:07:52,32.70297,-117.23463100000001,20:07:52
511,20:07:52,32.70297,-117.23463100000001,20:07:52
512,20:07:52,32.70297,-117.23463100000001,20:07:52
513,20:07:52,32.70297,-117.23463100000001,20:07:52
514,20:07:52,32.70297,-117.23463100000001,20:07:52
515,20:07:52,32.70297,-117.23463100000001,20:07:52
516,20:07:52,32.70297,-117.23463100000001,20:07:52
517,20:07:52,32.70297,-117.23463100000001,20:07:52
518,20:07:52,32.70297,-117.23463100000001,20:07:52
519,20:07:52,32.70297,-117.23463100000001,20:07:52
520,20:07:52,32.70297,-117.23463100000001,20:07:52
521,20:07:52,32.70297,-117.23463100000001,20:07:52
522,20:07:52,32.70297,-117.23463100000001,20:07:52
523,20:07:52,32.70297,-117.23463100000001,20:07:52
524,20:07:52,32.70297,-117.23463100000001,20:07:52
525,20:07:52,32.70297,-117.23463100000001,20:07:52
526,20:07:52,32.70297,-117.23463100000001,20:07:52
527,20:07:52,32.70297,-117.23463100000001,20:07:52
528,20:07:52,32.70297,-117.23463100000001,20:07:52
529,20:07:52,32.70297,-117.23463100000001,20:07:52
530,20:07:52,32.70297,-117.23463100000001,20:07:52
531,20:07:52,32.70297,-117.23463100000001,20:07:52
532,20:07:52,32.70297,-117.23463100000001,20:07:52
533,20:07:52,32.70297,-117.23463100000001,20:07:52
534,20:07:52,32.70297,-117.23463100000001,20:07:52
535,20:07:52,32.70297,-117.23463100000001,20:07:52
536,20:07:52,32.70297,-117.23463100000001,20:07:53
537,20:07:52,32.70297,-117.23463100000001,20:07:53
538,20:07:52,32.70297,-117.23463100000001,20:07:53
539,20:07:52,32.70297,-117.23463100000001,20:07:53
540,20:07:52,32.70297,-117.23463100000001,20:07:53
541,20:07:52,32.70297,-117.23463100000001,20:07:53
542,20:07:52,32.70297,-117.23463100000001,20:07:53
543,20:07:52,32.70297,-117.23463100000001,20:07:53
544,20:07:52,32.70297,-117.23463100000001,20:07:53
545,20:07:52,32.70297,-117.23463100000001,20:07:53
546,20:07:52,32.70297,-117.23463100000001,20:07:53
547,20:07:52,32.70297,-117.23463100000001,20:07:53
548,20:07:52,32.70297,-117.23463100000001,20:07:53
549,20:07:52,32.70297,-117.23463100000001,20:07:53
550,20:07:52,32.70297,-117.23463100000001,20:07:53
551,20:07:52,32.70297,-117.23463100000001,20:07:53
552,20:07:52,32.70297,-117.23463100000001,20:07:53
553,20:07:52,32.70297,-117.23463100000001,20:07:53
554,20:07:52,32.70297,-117.23463100000001,20:07:53
555,20:07:52,32.70297,-117.23463100000001,20:07:53
556,20:07:52,32.70297,-117.23463100000001,20:07:53
557,20:07:52,32.70297,-117.23463100000001,20:07:53
558,20:07:52,32.70297,-117.23463100000001,20:07:53
559,20:07:52,32.70297,-117.23463100000001,20:07:53
560,20:07:52,32.70297,-117.23463100000001,20:07:53
561,20:07:52,32.70297,-117.23463100000001,20:07:53
562,20:07:52,32.70297,-117.23463100000001,20:07:53
563,20:07:52,32.70297,-117.23463100000001,20:07:53
564,20:07:52,32.70297,-117.23463100000001,20:07:53
565,20:07:52,32.70297,-117.23463100000001,20:07:53
566,20:07:52,32.70297,-117.23463100000001,20:07:53
567,20:07:52,32.70297,-117.23463100000001,20:07:54
568,20:07:52,32.70297,-117.23463100000001,20:07:54
569,20:07:52,32.70297,-117.23463100000001,20:07:54
570,20:07:52,32.70297,-117.23463100000001,20:07:54
571,20:07:52,32.70297,-117.23463100000001,20:07:54
572,20:07:52,32.70297,-117.23463100000001,20:07:54
573,20:07:52,32.70297,-117.23463100000001,20:07:54
574,20:07:52,32.70297,-117.23463100000001,20:07:54
575,20:07:52,32.70297,-117.23463100000001,20:07:54
576,20:07:52,32.70297,-117.23463100000001,20:07:54
577,20:07:52,32.70297,-117.23463100000001,20:07:54
578,20:07:52,32.70297,-117.23463100000001,20:07:54
579,20:07:52,32.70297,-117.23463100000001,20:07:54
580,20:07:52,32.70297,-117.23463100000001,20:07:54
581,20:07:52,32.70297,-117.23463100000001,20:07:54
582,20:07:52,32.70297,-117.23463100000001,20:07:54
583,20:07:52,32.70297,-117.23463100000001,20:07:54
584,20:07:52,32.70297,-117.23463100000001,20:07:54
585,20:07:52,32.70297,-117.23463100000001,20:07:54
586,20:07:52,32.70297,-117.23463100000001,20:07:54
587,20:07:52,32.70297,-117.23463100000001,20:07:54
588,20:07:52,32.70297,-117.23463100000001,20:07:54
589,20:07:52,32.70297,-117.23463100000001,20:07:54
590,20:07:52,32.70297,-117.23463100000001,20:07:54
591,20:07:52,32.70297,-117.23463100000001,20:07:54
592,20:07:52,32.70297,-117.23463100000001,20:07:54
593,20:07:52,32.70297,-117.23463100000001,20:07:54
594,20:07:52,32.70297,-117.23463100000001,20:07:54
595,20:07:52,32.70297,-117.23463100000001,20:07:54
596,20:07:52,32.70297,-117.23463100000001,20:07:54
597,20:07:52,32.70297,-117.23463100000001,20:07:54
598,20:07:52,32.70297,-117.23463100000001,20:07:55
599,20:07:52,32.70297,-117.23463100000001,20:07:55
600,20:07:52,32.70297,-117.23463100000001,20:07:55
601,20:07:52,32.70297,-117.23463100000001,20:07:55
602,20:07:52,32.70297,-117.23463100000001,20:07:55
603,20:07:52,32.70297,-117.23463100000001,20:07:55
604,20:07:52,32.70297,-117.23463100000001,20:07:55
605,20:07:52,32.70297,-117.23463100000001,20:07:55
606,20:07:52,32.70297,-117.23463100000001,20:07:55
607,20:07:52,32.70297,-117.23463100000001,20:07:55
608,20:07:52,32.70297,-117.23463100000001,20:07:55
609,20:07:52,32.70297,-117.23463100000001,20:07:55
610,20:07:52,32.70297,-117.23463100000001,20:07:55
611,20:07:52,32.70297,-117.23463100000001,20:07:55
612,20:07:52,32.70297,-117.23463100000001,20:07:55
613,20:07:52,32.70297,-117.23463100000001,20:07:55
614,20:07:52,32.70297,-117.23463100000001,20:07:55
615,20:07:52,32.70297,-117.23463100000001,20:07:55
616,20:07:52,32.70297,-117.23463100000001,20:07:55
617,20:07:52,32.70297,-117.23463100000001,20:07:55
618,20:07:52,32.70297,-117.23463100000001,20:07:55
619,20:07:52,32.70297,-117.23463100000001,20:07:55
620,20:07:52,32.70297,-117.23463100000001,20:07:55
621,20:07:52,32.70297,-117.23463100000001,20:07:55
622,20:07:52,32.70297,-117.23463100000001,20:07:55
623,20:07:52,32.70297,-117.23463100000001,20:07:55
624,20:07:52,32.70297,-117.23463100000001,20:07:55
625,20:07:52,32.70297,-117.23463100000001,20:07:55
626,20:07:52,32.70297,-117.23463100000001,20:07:55
627,20:07:52,32.70297,-117.23463100000001,20:07:55
628,20:07:52,32.70297,-117.23463100000001,20:07:55
629,20:07:52,32.70297,-117.23463100000001,20:07:56
630,20:07:52,32.70297,-117.23463100000001,20:07:56
631,20:07:52,32.70297,-117.23463100000001,20:07:56
632,20:07:52,32.70297,-117.23463100000001,20:07:56
633,20:07:52,32.70297,-117.23463100000001,20:07:56
634,20:07:52,32.70297,-117.23463100000001,20:07:56
635,20:07:52,32.70297,-117.23463100000001,20:07:56
636,20:07:57,32.70297,-117.23463100000001,20:07:57
637,20:07:57,32.70297,-117.23463100000001,20:07:57
638,20:07:57,32.70297,-117.23463100000001,20:07:57
639,20:07:57,32.70297,-117.23463100000001,20:07:57
640,20:07:57,32.70297,-117.23463100000001,20:07:57
641,20:07:57,32.70297,-117.23463100000001,20:07:57
642,20:07:57,32.70297,-117.23463100000001,20:07:57
643,20:07:57,32.70297,-117.23463100000001,20:07:57
644,20:07:57,32.70297,-117.23463100000001,20:07:57
645,20:07:57,32.70297,-117.23463100000001,20:07:57
646,20:07:57,32.70297,-117.23463100000001,20:07:57
647,20:07:57,32.70297,-117.23463100000001,20:07:57
648,20:07:57,32.70297,-117.23463100000001,20:07:57
649,20:07:57,32.70297,-117.23463100000001,20:07:57
650,20:07:57,32.70297,-117.23463100000001,20:07:57
651,20:07:57,32.70297,-117.23463100000001,20:07:57
652,20:07:57,32.70297,-117.23463100000001,20:07:57
653,20:07:57,32.70297,-117.23463100000001,20:07:57
654,20:07:57,32.70297,-117.23463100000001,20:07:57
655,20:07:57,32.70297,-117.23463100000001,20:07:57
656,20:07:57,32.70297,-117.23463100000001,20:07:57
657,20:07:57,32.70297,-117.23463100000001,20:07:57
658,20:07:57,32.70297,-117.23463100000001,20:07:57
659,20:07:57,32.70297,-117.23463100000001,20:07:57
660,20:07:57,32.70297,-117.23463100000001,20:07:57
661,20:07:57,32.70297,-117.23463100000001,20:07:57
662,20:07:57,32.70297,-117.23463100000001,20:07:57
663,20:07:57,32.70297,-117.23463100000001,20:07:57
664,20:07:57,32.70297,-117.23463100000001,20:07:57
665,20:07:57,32.70297,-117.23463100000001,20:07:57
666,20:07:57,32.70297,-117.23463100000001,20:07:57
667,20:07:57,32.70297,-117.23463100000001,20:07:58
668,20:07:57,32.70297,-117.23463100000001,20:07:58
669,20:07:57,32.70297,-117.23463100000001,20:07:58
670,20:07:57,32.70297,-117.23463100000001,20:07:58
671,20:07:57,32.70297,-117.23463100000001,20:07:58
672,20:07:57,32.70297,-117.23463100000001,20:07:58
673,20:07:57,32.70297,-117.23463100000001,20:07:58
674,20:07:57,32.70297,-117.23463100000001,20:07:58
675,20:07:57,32.70297,-117.23463100000001,20:07:58
676,20:07:57,32.70297,-117.23463100000001,20:07:58
677,20:07:57,32.70297,-117.23463100000001,20:07:58
678,20:07:57,32.70297,-117.23463100000001,20:07:58
679,20:07:57,32.70297,-117.23463100000001,20:07:58
680,20:07:57,32.70297,-117.23463100000001,20:07:58
681,20:07:57,32.70297,-117.23463100000001,20:07:58
682,20:07:57,32.70297,-117.23463100000001,20:07:58
683,20:07:57,32.70297,-117.23463100000001,20:07:58
684,20:07:57,32.70297,-117.23463100000001,20:07:58
685,20:07:57,32.70297,-117.23463100000001,20:07:58
686,20:07:57,32.70297,-117.23463100000001,20:07:58
687,20:07:57,32.70297,-117.23463100000001,20:07:58
688,20:07:57,32.70297,-117.23463100000001,20:07:58
689,20:07:57,32.70297,-117.23463100000001,20:07:58
690,20:07:57,32.70297,-117.23463100000001,20:07:58
691,20:07:57,32.70297,-117.23463100000001,20:07:58
692,20:07:57,32.70297,-117.23463100000001,20:07:58
693,20:07:57,32.70297,-117.23463100000001,20:07:58
694,20:07:57,32.70297,-117.23463100000001,20:07:58
695,20:07:57,32.70297,-117.23463100000001,20:07:58
696,20:07:57,32.70297,-117.23463100000001,20:07:58
697,20:07:57,32.70297,-117.23463100000001,20:07:58
698,20:07:57,32.70297,-117.23463100000001,20:07:59
699,20:07:57,32.70297,-117.23463100000001,20:07:59
700,20:07:57,32.70297,-117.23463100000001,20:07:59
701,20:07:57,32.70297,-117.23463100000001,20:07:59
702,20:07:57,32.70297,-117.23463100000001,20:07:59
703,20:07:57,32.70297,-117.23463100000001,20:07:59
704,20:07:57,32.70297,-117.23463100000001,20:07:59
705,20:07:57,32.70297,-117.23463100000001,20:07:59
706,20:07:57,32.70297,-117.23463100000001,20:07:59
707,20:07:57,32.70297,-117.23463100000001,20:07:59
708,20:07:57,32.70297,-117.23463100000001,20:07:59
709,20:07:57,32.70297,-117.23463100000001,20:07:59
710,20:07:57,32.70297,-117.23463100000001,20:07:59
711,20:07:57,32.70297,-117.23463100000001,20:07:59
712,20:07:57,32.70297,-117.23463100000001,20:07:59
713,20:07:57,32.70297,-117.23463100000001,20:07:59
714,20:07:57,32.70297,-117.23463100000001,20:07:59
715,20:07:57,32.70297,-117.23463100000001,20:07:59
716,20:07:57,32.70297,-117.23463100000001,20:07:59
717,20:07:57,32.70297,-117.23463100000001,20:07:59
718,20:07:57,32.70297,-117.23463100000001,20:07:59
719,20:07:57,32.70297,-117.23463100000001,20:07:59
720,20:07:57,32.70297,-117.23463100000001,20:07:59
721,20:07:57,32.70297,-117.23463100000001,20:07:59
722,20:07:57,32.70297,-117.23463100000001,20:07:59
723,20:07:57,32.70297,-117.23463100000001,20:07:59
724,20:07:57,32.70297,-117.23463100000001,20:07:59
725,20:07:57,32.70297,-117.23463100000001,20:07:59
726,20:07:57,32.70297,-117.23463100000001,20:07:59
727,20:07:57,32.70297,-117.23463100000001,20:07:59
728,20:07:57,32.70297,-117.23463100000001,20:07:59
729,20:07:57,32.70297,-117.23463100000001,20:08:00
730,20:07:57,32.70297,-117.23463100000001,20:08:00
731,20:07:57,32.70297,-117.23463100000001,20:08:00
732,20:07:57,32.70297,-117.23463100000001,20:08:00
733,20:07:57,32.70297,-117.23463100000001,20:08:00
734,20:07:57,32.70297,-117.23463100000001,20:08:00
735,20:07:57,32.70297,-117.23463100000001,20:08:00
736,20:07:57,32.70297,-117.23463100000001,20:08:00
737,20:07:57,32.70297,-117.23463100000001,20:08:00
738,20:07:57,32.70297,-117.23463100000001,20:08:00
739,20:07:57,32.70297,-117.23463100000001,20:08:00
740,20:07:57,32.70297,-117.23463100000001,20:08:00
741,20:07:57,32.70297,-117.23463100000001,20:08:00
742,20:07:57,32.70297,-117.23463100000001,20:08:00
743,20:07:57,32.70297,-117.23463100000001,20:08:00
744,20:07:57,32.70297,-117.23463100000001,20:08:00
745,20:07:57,32.70297,-117.23463100000001,20:08:00
746,20:07:57,32.70297,-117.23463100000001,20:08:00
747,20:07:57,32.70297,-117.23463100000001,20:08:00
748,20:07:57,32.70297,-117.23463100000001,20:08:00
749,20:07:57,32.70297,-117.23463100000001,20:08:00
750,20:07:57,32.70297,-117.23463100000001,20:08:00
751,20:07:57,32.70297,-117.23463100000001,20:08:00
752,20:07:57,32.70297,-117.23463100000001,20:08:00
753,20:07:57,32.70297,-117.23463100000001,20:08:00
754,20:07:57,32.70297,-117.23463100000001,20:08:00
755,20:07:57,32.70297,-117.23463100000001,20:08:00
756,20:07:57,32.70297,-117.23463100000001,20:08:00
757,20:07:57,32.70297,-117.23463100000001,20:08:00
758,20:07:57,32.70297,-117.23463100000001,20:08:00
759,20:07:57,32.70297,-117.23463100000001,20:08:00
760,20:07:57,32.70297,-117.23463100000001,20:08:01
761,20:07:57,32.70297,-117.23463100000001,20:08:01
762,20:07:57,32.70297,-117.23463100000001,20:08:01
763,20:07:57,32.70297,-117.23463100000001,20:08:01
764,20:07:57,32.70297,-117.23463100000001,20:08:01
765,20:07:57,32.70297,-117.23463100000001,20:08:01
766,20:07:57,32.70297,-117.23463100000001,20:08:01
767,20:08:02,32.70297,-117.23463100000001,20:08:02
768,20:08:02,32.70297,-117.23463100000001,20:08:02
769,20:08:02,32.70297,-117.23463100000001,20:08:02
770,20:08:02,32.70297,-117.23463100000001,20:08:02
771,20:08:02,32.70297,-117.23463100000001,20:08:02
772,20:08:02,32.70297,-117.23463100000001,20:08:02
773,20:08:02,32.70297,-117.23463100000001,20:08:02
774,20:08:02,32.70297,-117.23463100000001,20:08:02
775,20:08:02,32.70297,-117.23463100000001,20:08:02
776,20:08:02,32.70297,-117.23463100000001,20:08:02
777,20:08:02,32.70297,-117.23463100000001,20:08:02
778,20:08:02,32.70297,-117.23463100000001,20:08:02
779,20:08:02,32.70297,-117.23463100000001,20:08:02
780,20:08:02,32.70297,-117.23463100000001,20:08:02
781,20:08:02,32.70297,-117.23463100000001,20:08:02
782,20:08:02,32.70297,-117.23463100000001,20:08:02
783,20:08:02,32.70297,-117.23463100000001,20:08:02
784,20:08:02,32.70297,-117.23463100000001,20:08:02
785,20:08:02,32.70297,-117.23463100000001,20:08:02
786,20:08:02,32.70297,-117.23463100000001,20:08:02
787,20:08:02,32.70297,-117.23463100000001,20:08:02
788,20:08:02,32.70297,-117.23463100000001,20:08:02
789,20:08:02,32.70297,-117.23463100000001,20:08:02
790,20:08:02,32.70297,-117.23463100000001,20:08:02
791,20:08:02,32.70297,-117.23463100000001,20:08:02
792,20:08:02,32.70297,-117.23463100000001,20:08:02
793,20:08:02,32.70297,-117.23463100000001,20:08:02
794,20:08:02,32.70297,-117.23463100000001,20:08:02
795,20:08:02,32.70297,-117.23463100000001,20:08:02
796,20:08:02,32.70297,-117.23463100000001,20:08:02
797,20:08:02,32.70297,-117.23463100000001,20:08:02
798,20:08:02,32.70297,-117.23463100000001,20:08:03
799,20:08:02,32.70297,-117.23463100000001,20:08:03
800,20:08:02,32.70297,-117.23463100000001,20:08:03
801,20:08:02,32.70297,-117.23463100000001,20:08:03
802,20:08:02,32.70297,-117.23463100000001,20:08:03
803,20:08:02,32.70297,-117.23463100000001,20:08:03
804,20:08:02,32.70297,-117.23463100000001,20:08:03
805,20:08:02,32.70297,-117.23463100000001,20:08:03
806,20:08:02,32.70297,-117.23463100000001,20:08:03
807,20:08:02,32.70297,-117.23463100000001,20:08:03
808,20:08:02,32.70297,-117.23463100000001,20:08:03
809,20:08:02,32.70297,-117.23463100000001,20:08:03
810,20:08:02,32.70297,-117.23463100000001,20:08:03
811,20:08:02,32.70297,-117.23463100000001,20:08:03
812,20:08:02,32.70297,-117.23463100000001,20:08:03
813,20:08:02,32.70297,-117.23463100000001,20:08:03
814,20:08:02,32.70297,-117.23463100000001,20:08:03
815,20:08:02,32.70297,-117.23463100000001,20:08:03
816,20:08:02,32.70297,-117.23463100000001,20:08:03
817,20:08:02,32.70297,-117.23463100000001,20:08:03
818,20:08:02,32.70297,-117.23463100000001,20:08:03
819,20:08:02,32.70297,-117.23463100000001,20:08:03
820,20:08:02,32.70297,-117.23463100000001,20:08:03
821,20:08:02,32.70297,-117.23463100000001,20:08:03
822,20:08:02,32.70297,-117.23463100000001,20:08:03
823,20:08:02,32.70297,-117.23463100000001,20:08:03
824,20:08:02,32.70297,-117.23463100000001,20:08:03
825,20:08:02,32.70297,-117.23463100000001,20:08:03
826,20:08:02,32.70297,-117.23463100000001,20:08:03
827,20:08:02,32.70297,-117.23463100000001,20:08:03
828,20:08:02,32.70297,-117.23463100000001,20:08:03
829,20:08:02,32.70297,-117.23463100000001,20:08:04
830,20:08:02,32.70297,-117.23463100000001,20:08:04
831,20:08:02,32.70297,-117.23463100000001,20:08:04
832,20:08:02,32.70297,-117.23463100000001,20:08:04
833,20:08:02,32.70297,-117.23463100000001,20:08:04
834,20:08:02,32.70297,-117.23463100000001,20:08:04
835,20:08:02,32.70297,-117.23463100000001,20:08:04
836,20:08:02,32.70297,-117.23463100000001,20:08:04
837,20:08:02,32.70297,-117.23463100000001,20:08:04
838,20:08:02,32.70297,-117.23463100000001,20:08:04
839,20:08:02,32.70297,-117.23463100000001,20:08:04
840,20:08:02,32.70297,-117.23463100000001,20:08:04
841,20:08:02,32.70297,-117.23463100000001,20:08:04
842,20:08:02,32.70297,-117.23463100000001,20:08:04
843,20:08:02,32.70297,-117.23463100000001,20:08:04
844,20:08:02,32.70297,-117.23463100000001,20:08:04
845,20:08:02,32.70297,-117.23463100000001,20:08:04
846,20:08:02,32.70297,-117.23463100000001,20:08:04
847,20:08:02,32.70297,-117.23463100000001,20:08:04
848,20:08:02,32.70297,-117.23463100000001,20:08:04
849,20:08:02,32.70297,-117.23463100000001,20:08:04
850,20:08:02,32.70297,-117.23463100000001,20:08:04
851,20:08:02,32.70297,-117.23463100000001,20:08:04
852,20:08:02,32.70297,-117.23463100000001,20:08:04
853,20:08:02,32.70297,-117.23463100000001,20:08:04
854,20:08:02,32.70297,-117.23463100000001,20:08:04
855,20:08:02,32.70297,-117.23463100000001,20:08:04
856,20:08:02,32.70297,-117.23463100000001,20:08:04
857,20:08:02,32.70297,-117.23463100000001,20:08:04
858,20:08:02,32.70297,-117.23463100000001,20:08:04
859,20:08:02,32.70297,-117.23463100000001,20:08:04
860,20:08:02,32.70297,-117.23463100000001,20:08:05
861,20:08:02,32.70297,-117.23463100000001,20:08:05
862,20:08:02,32.70297,-117.23463100000001,20:08:05
863,20:08:02,32.70297,-117.23463100000001,20:08:05
864,20:08:02,32.70297,-117.23463100000001,20:08:05
865,20:08:02,32.70297,-117.23463100000001,20:08:05
866,20:08:02,32.70297,-117.23463100000001,20:08:05
867,20:08:02,32.70297,-117.23463100000001,20:08:05
868,20:08:02,32.70297,-117.23463100000001,20:08:05
869,20:08:02,32.70297,-117.23463100000001,20:08:05
870,20:08:02,32.70297,-117.23463100000001,20:08:05
871,20:08:02,32.70297,-117.23463100000001,20:08:05
872,20:08:02,32.70297,-117.23463100000001,20:08:05
873,20:08:02,32.70297,-117.23463100000001,20:08:05
874,20:08:02,32.70297,-117.23463100000001,20:08:05
875,20:08:02,32.70297,-117.23463100000001,20:08:05
876,20:08:02,32.70297,-117.23463100000001,20:08:05
877,20:08:02,32.70297,-117.23463100000001,20:08:05
878,20:08:02,32.70297,-117.23463100000001,20:08:05
879,20:08:02,32.70297,-117.23463100000001,20:08:05
880,20:08:02,32.70297,-117.23463100000001,20:08:05
881,20:08:02,32.70297,-117.23463100000001,20:08:05
882,20:08:02,32.70297,-117.23463100000001,20:08:05
883,20:08:02,32.70297,-117.23463100000001,20:08:05
884,20:08:02,32.70297,-117.23463100000001,20:08:05
885,20:08:02,32.70297,-117.23463100000001,20:08:05
886,20:08:02,32.70297,-117.23463100000001,20:08:05
887,20:08:02,32.70297,-117.23463100000001,20:08:05
888,20:08:02,32.70297,-117.23463100000001,20:08:05
889,20:08:02,32.70297,-117.23463100000001,20:08:05
890,20:08:02,32.70297,-117.23463100000001,20:08:05
891,20:08:02,32.70297,-117.23463100000001,20:08:06
892,20:08:02,32.70297,-117.23463100000001,20:08:06
893,20:08:02,32.70297,-117.23463100000001,20:08:06
894,20:08:02,32.70297,-117.23463100000001,20:08:06
895,20:08:07,32.70297,-117.23463100000001,20:08:07
896,20:08:07,32.70297,-117.23463100000001,20:08:07
897,20:08:07,32.70297,-117.23463100000001,20:08:07
898,20:08:07,32.70297,-117.23463100000001,20:08:07
899,20:08:07,32.70297,-117.23463100000001,20:08:07
