Frame No.,UTC Timestamp,Lat,Long
0,19:44:10,32.702970,-117.234631
1,19:44:10,32.702970,-117.234631
2,19:44:10,32.702970,-117.234631
3,19:44:10,32.702970,-117.234631
4,19:44:10,32.702970,-117.234631
5,19:44:10,32.702970,-117.234631
6,19:44:10,32.702970,-117.234631
7,19:44:10,32.702970,-117.234631
8,19:44:10,32.702970,-117.234631
9,19:44:10,32.702970,-117.234631
10,19:44:10,32.702970,-117.234631
11,19:44:10,32.702970,-117.234631
12,19:44:10,32.702970,-117.234631
13,19:44:10,32.702970,-117.234631
14,19:44:10,32.702970,-117.234631
15,19:44:10,32.702970,-117.234631
16,19:44:10,32.702970,-117.234631
17,19:44:10,32.702970,-117.234631
18,19:44:10,32.702970,-117.234631
19,19:44:10,32.702970,-117.234631
20,19:44:10,32.702970,-117.234631
21,19:44:10,32.702970,-117.234631
22,19:44:10,32.702970,-117.234631
23,19:44:10,32.702970,-117.234631
24,19:44:10,32.702970,-117.234631
25,19:44:10,32.702970,-117.234631
26,19:44:10,32.702970,-117.234631
27,19:44:10,32.702970,-117.234631
28,19:44:10,32.702970,-117.234631
29,19:44:10,32.702970,-117.234631
30,19:44:10,32.702970,-117.234631
31,19:44:10,32.702970,-117.234631
32,19:44:10,32.702970,-117.234631
33,19:44:10,32.702970,-117.234631
34,19:44:10,32.702970,-117.234631
35,19:44:10,32.702970,-117.234631
36,19:44:10,32.702970,-117.234631
37,19:44:10,32.702970,-117.234631
38,19:44:10,32.702970,-117.234631
39,19:44:10,32.702970,-117.234631
40,19:44:10,32.702970,-117.234631
41,19:44:10,32.702970,-117.234631
42,19:44:10,32.702970,-117.234631
43,19:44:10,32.702970,-117.234631
44,19:44:10,32.702970,-117.234631
45,19:44:10,32.702970,-117.234631
46,19:44:10,32.702970,-117.234631
47,19:44:10,32.702970,-117.234631
48,19:44:10,32.702970,-117.234631
49,19:44:10,32.702970,-117.234631
50,19:44:10,32.702970,-117.234631
51,19:44:10,32.702970,-117.234631
52,19:44:10,32.702970,-117.234631
53,19:44:10,32.702970,-117.234631
54,19:44:10,32.702970,-117.234631
55,19:44:10,32.702970,-117.234631
56,19:44:10,32.702970,-117.234631
57,19:44:10,32.702970,-117.234631
58,19:44:10,32.702970,-117.234631
59,19:44:10,32.702970,-117.234631
60,19:44:10,32.702970,-117.234631
61,19:44:10,32.702970,-117.234631
62,19:44:10,32.702970,-117.234631
63,19:44:10,32.702970,-117.234631
64,19:44:10,32.702970,-117.234631
65,19:44:10,32.702970,-117.234631
66,19:44:10,32.702970,-117.234631
67,19:44:10,32.702970,-117.234631
68,19:44:10,32.702970,-117.234631
69,19:44:10,32.702970,-117.234631
70,19:44:10,32.702970,-117.234631
71,19:44:10,32.702970,-117.234631
72,19:44:10,32.702970,-117.234631
73,19:44:10,32.702970,-117.234631
74,19:44:10,32.702970,-117.234631
75,19:44:10,32.702970,-117.234631
76,19:44:10,32.702970,-117.234631
77,19:44:10,32.702970,-117.234631
78,19:44:10,32.702970,-117.234631
79,19:44:10,32.702970,-117.234631
80,19:44:10,32.702970,-117.234631
81,19:44:10,32.702970,-117.234631
82,19:44:10,32.702970,-117.234631
83,19:44:10,32.702970,-117.234631
84,19:44:10,32.702970,-117.234631
85,19:44:15,32.702970,-117.234631
86,19:44:15,32.702970,-117.234631
87,19:44:15,32.702970,-117.234631
88,19:44:15,32.702970,-117.234631
89,19:44:15,32.702970,-117.234631
90,19:44:15,32.702970,-117.234631
91,19:44:15,32.702970,-117.234631
92,19:44:15,32.702970,-117.234631
93,19:44:15,32.702970,-117.234631
94,19:44:15,32.702970,-117.234631
95,19:44:15,32.702970,-117.234631
96,19:44:15,32.702970,-117.234631
97,19:44:15,32.702970,-117.234631
98,19:44:15,32.702970,-117.234631
99,19:44:15,32.702970,-117.234631
100,19:44:15,32.702970,-117.234631
101,19:44:15,32.702970,-117.234631
102,19:44:15,32.702970,-117.234631
103,19:44:15,32.702970,-117.234631
104,19:44:15,32.702970,-117.234631
105,19:44:15,32.702970,-117.234631
106,19:44:15,32.702970,-117.234631
107,19:44:15,32.702970,-117.234631
108,19:44:15,32.702970,-117.234631
109,19:44:15,32.702970,-117.234631
110,19:44:15,32.702970,-117.234631
111,19:44:15,32.702970,-117.234631
112,19:44:15,32.702970,-117.234631
113,19:44:15,32.702970,-117.234631
114,19:44:15,32.702970,-117.234631
115,19:44:15,32.702970,-117.234631
116,19:44:15,32.702970,-117.234631
117,19:44:15,32.702970,-117.234631
118,19:44:15,32.702970,-117.234631
119,19:44:15,32.702970,-117.234631
120,19:44:15,32.702970,-117.234631
121,19:44:15,32.702970,-117.234631
122,19:44:15,32.702970,-117.234631
123,19:44:15,32.702970,-117.234631
124,19:44:15,32.702970,-117.234631
125,19:44:15,32.702970,-117.234631
126,19:44:15,32.702970,-117.234631
127,19:44:15,32.702970,-117.234631
128,19:44:15,32.702970,-117.234631
129,19:44:15,32.702970,-117.234631
130,19:44:15,32.702970,-117.234631
131,19:44:15,32.702970,-117.234631
132,19:44:15,32.702970,-117.234631
133,19:44:15,32.702970,-117.234631
134,19:44:15,32.702970,-117.234631
135,19:44:15,32.702970,-117.234631
136,19:44:15,32.702970,-117.234631
137,19:44:15,32.702970,-117.234631
138,19:44:15,32.702970,-117.234631
139,19:44:15,32.702970,-117.234631
140,19:44:15,32.702970,-117.234631
141,19:44:15,32.702970,-117.234631
142,19:44:15,32.702970,-117.234631
143,19:44:15,32.702970,-117.234631
144,19:44:15,32.702970,-117.234631
145,19:44:15,32.702970,-117.234631
146,19:44:15,32.702970,-117.234631
147,19:44:15,32.702970,-117.234631
148,19:44:15,32.702970,-117.234631
149,19:44:15,32.702970,-117.234631
150,19:44:15,32.702970,-117.234631
151,19:44:15,32.702970,-117.234631
152,19:44:15,32.702970,-117.234631
153,19:44:15,32.702970,-117.234631
154,19:44:15,32.702970,-117.234631
155,19:44:15,32.702970,-117.234631
156,19:44:15,32.702970,-117.234631
157,19:44:15,32.702970,-117.234631
158,19:44:15,32.702970,-117.234631
159,19:44:15,32.702970,-117.234631
160,19:44:15,32.702970,-117.234631
161,19:44:15,32.702970,-117.234631
162,19:44:15,32.702970,-117.234631
163,19:44:15,32.702970,-117.234631
164,19:44:15,32.702970,-117.234631
165,19:44:15,32.702970,-117.234631
166,19:44:15,32.702970,-117.234631
167,19:44:15,32.702970,-117.234631
168,19:44:15,32.702970,-117.234631
169,19:44:15,32.702970,-117.234631
170,19:44:15,32.702970,-117.234631
171,19:44:15,32.702970,-117.234631
172,19:44:15,32.702970,-117.234631
173,19:44:15,32.702970,-117.234631
174,19:44:15,32.702970,-117.234631
175,19:44:15,32.702970,-117.234631
176,19:44:15,32.702970,-117.234631
177,19:44:15,32.702970,-117.234631
178,19:44:15,32.702970,-117.234631
179,19:44:15,32.702970,-117.234631
180,19:44:15,32.702970,-117.234631
181,19:44:15,32.702970,-117.234631
182,19:44:15,32.702970,-117.234631
183,19:44:15,32.702970,-117.234631
184,19:44:15,32.702970,-117.234631
185,19:44:15,32.702970,-117.234631
186,19:44:15,32.702970,-117.234631
187,19:44:15,32.702970,-117.234631
188,19:44:15,32.702970,-117.234631
189,19:44:15,32.702970,-117.234631
190,19:44:15,32.702970,-117.234631
191,19:44:15,32.702970,-117.234631
192,19:44:15,32.702970,-117.234631
193,19:44:15,32.702970,-117.234631
194,19:44:15,32.702970,-117.234631
195,19:44:15,32.702970,-117.234631
196,19:44:15,32.702970,-117.234631
197,19:44:15,32.702970,-117.234631
198,19:44:15,32.702970,-117.234631
199,19:44:20,32.702970,-117.234631
200,19:44:20,32.702970,-117.234631
201,19:44:20,32.702970,-117.234631
202,19:44:20,32.702970,-117.234631
203,19:44:20,32.702970,-117.234631
204,19:44:20,32.702970,-117.234631
205,19:44:20,32.702970,-117.234631
206,19:44:20,32.702970,-117.234631
207,19:44:20,32.702970,-117.234631
208,19:44:20,32.702970,-117.234631
209,19:44:20,32.702970,-117.234631
210,19:44:20,32.702970,-117.234631
211,19:44:20,32.702970,-117.234631
212,19:44:20,32.702970,-117.234631
213,19:44:20,32.702970,-117.234631
214,19:44:20,32.702970,-117.234631
215,19:44:20,32.702970,-117.234631
216,19:44:20,32.702970,-117.234631
217,19:44:20,32.702970,-117.234631
218,19:44:20,32.702970,-117.234631
219,19:44:20,32.702970,-117.234631
220,19:44:20,32.702970,-117.234631
221,19:44:20,32.702970,-117.234631
222,19:44:20,32.702970,-117.234631
223,19:44:20,32.702970,-117.234631
224,19:44:20,32.702970,-117.234631
225,19:44:20,32.702970,-117.234631
226,19:44:20,32.702970,-117.234631
227,19:44:20,32.702970,-117.234631
228,19:44:20,32.702970,-117.234631
229,19:44:20,32.702970,-117.234631
230,19:44:20,32.702970,-117.234631
231,19:44:20,32.702970,-117.234631
232,19:44:20,32.702970,-117.234631
233,19:44:20,32.702970,-117.234631
234,19:44:20,32.702970,-117.234631
235,19:44:20,32.702970,-117.234631
236,19:44:20,32.702970,-117.234631
237,19:44:20,32.702970,-117.234631
238,19:44:20,32.702970,-117.234631
239,19:44:20,32.702970,-117.234631
240,19:44:20,32.702970,-117.234631
241,19:44:20,32.702970,-117.234631
242,19:44:20,32.702970,-117.234631
243,19:44:20,32.702970,-117.234631
244,19:44:20,32.702970,-117.234631
245,19:44:20,32.702970,-117.234631
246,19:44:20,32.702970,-117.234631
247,19:44:20,32.702970,-117.234631
248,19:44:20,32.702970,-117.234631
249,19:44:20,32.702970,-117.234631
250,19:44:20,32.702970,-117.234631
251,19:44:20,32.702970,-117.234631
252,19:44:20,32.702970,-117.234631
253,19:44:20,32.702970,-117.234631
254,19:44:20,32.702970,-117.234631
255,19:44:20,32.702970,-117.234631
256,19:44:20,32.702970,-117.234631
257,19:44:20,32.702970,-117.234631
258,19:44:20,32.702970,-117.234631
259,19:44:20,32.702970,-117.234631
260,19:44:20,32.702970,-117.234631
261,19:44:20,32.702970,-117.234631
262,19:44:20,32.702970,-117.234631
263,19:44:20,32.702970,-117.234631
264,19:44:20,32.702970,-117.234631
265,19:44:20,32.702970,-117.234631
266,19:44:20,32.702970,-117.234631
267,19:44:20,32.702970,-117.234631
268,19:44:20,32.702970,-117.234631
269,19:44:20,32.702970,-117.234631
270,19:44:20,32.702970,-117.234631
271,19:44:20,32.702970,-117.234631
272,19:44:20,32.702970,-117.234631
273,19:44:20,32.702970,-117.234631
274,19:44:20,32.702970,-117.234631
275,19:44:20,32.702970,-117.234631
276,19:44:20,32.702970,-117.234631
277,19:44:20,32.702970,-117.234631
278,19:44:20,32.702970,-117.234631
279,19:44:20,32.702970,-117.234631
280,19:44:20,32.702970,-117.234631
281,19:44:20,32.702970,-117.234631
282,19:44:20,32.702970,-117.234631
283,19:44:20,32.702970,-117.234631
284,19:44:20,32.702970,-117.234631
285,19:44:20,32.702970,-117.234631
286,19:44:20,32.702970,-117.234631
287,19:44:20,32.702970,-117.234631
288,19:44:20,32.702970,-117.234631
289,19:44:20,32.702970,-117.234631
290,19:44:20,32.702970,-117.234631
291,19:44:20,32.702970,-117.234631
292,19:44:20,32.702970,-117.234631
293,19:44:20,32.702970,-117.234631
294,19:44:20,32.702970,-117.234631
295,19:44:20,32.702970,-117.234631
296,19:44:20,32.702970,-117.234631
297,19:44:20,32.702970,-117.234631
298,19:44:20,32.702970,-117.234631
299,19:44:20,32.702970,-117.234631
300,19:44:20,32.702970,-117.234631
301,19:44:20,32.702970,-117.234631
302,19:44:20,32.702970,-117.234631
303,19:44:20,32.702970,-117.234631
304,19:44:20,32.702970,-117.234631
305,19:44:20,32.702970,-117.234631
306,19:44:25,32.702970,-117.234631
307,19:44:25,32.702970,-117.234631
308,19:44:25,32.702970,-117.234631
309,19:44:25,32.702970,-117.234631
310,19:44:25,32.702970,-117.234631
311,19:44:25,32.702970,-117.234631
312,19:44:25,32.702970,-117.234631
313,19:44:25,32.702970,-117.234631
314,19:44:25,32.702970,-117.234631
315,19:44:25,32.702970,-117.234631
316,19:44:25,32.702970,-117.234631
317,19:44:25,32.702970,-117.234631
318,19:44:25,32.702970,-117.234631
319,19:44:25,32.702970,-117.234631
320,19:44:25,32.702970,-117.234631
321,19:44:25,32.702970,-117.234631
322,19:44:25,32.702970,-117.234631
323,19:44:25,32.702970,-117.234631
324,19:44:25,32.702970,-117.234631
325,19:44:25,32.702970,-117.234631
326,19:44:25,32.702970,-117.234631
327,19:44:25,32.702970,-117.234631
328,19:44:25,32.702970,-117.234631
329,19:44:25,32.702970,-117.234631
330,19:44:25,32.702970,-117.234631
331,19:44:25,32.702970,-117.234631
332,19:44:25,32.702970,-117.234631
333,19:44:25,32.702970,-117.234631
334,19:44:25,32.702970,-117.234631
335,19:44:25,32.702970,-117.234631
336,19:44:25,32.702970,-117.234631
337,19:44:25,32.702970,-117.234631
338,19:44:25,32.702970,-117.234631
339,19:44:25,32.702970,-117.234631
340,19:44:25,32.702970,-117.234631
341,19:44:25,32.702970,-117.234631
342,19:44:25,32.702970,-117.234631
343,19:44:25,32.702970,-117.234631
344,19:44:25,32.702970,-117.234631
345,19:44:25,32.702970,-117.234631
346,19:44:25,32.702970,-117.234631
347,19:44:25,32.702970,-117.234631
348,19:44:25,32.702970,-117.234631
349,19:44:25,32.702970,-117.234631
350,19:44:25,32.702970,-117.234631
351,19:44:25,32.702970,-117.234631
352,19:44:25,32.702970,-117.234631
353,19:44:25,32.702970,-117.234631
354,19:44:25,32.702970,-117.234631
355,19:44:25,32.702970,-117.234631
356,19:44:25,32.702970,-117.234631
357,19:44:25,32.702970,-117.234631
358,19:44:25,32.702970,-117.234631
359,19:44:25,32.702970,-117.234631
360,19:44:25,32.702970,-117.234631
361,19:44:25,32.702970,-117.234631
362,19:44:25,32.702970,-117.234631
363,19:44:25,32.702970,-117.234631
364,19:44:25,32.702970,-117.234631
365,19:44:25,32.702970,-117.234631
366,19:44:25,32.702970,-117.234631
367,19:44:25,32.702970,-117.234631
368,19:44:25,32.702970,-117.234631
369,19:44:25,32.702970,-117.234631
370,19:44:25,32.702970,-117.234631
371,19:44:25,32.702970,-117.234631
372,19:44:25,32.702970,-117.234631
373,19:44:25,32.702970,-117.234631
374,19:44:25,32.702970,-117.234631
375,19:44:25,32.702970,-117.234631
376,19:44:25,32.702970,-117.234631
377,19:44:25,32.702970,-117.234631
378,19:44:25,32.702970,-117.234631
379,19:44:25,32.702970,-117.234631
380,19:44:25,32.702970,-117.234631
381,19:44:25,32.702970,-117.234631
382,19:44:25,32.702970,-117.234631
383,19:44:25,32.702970,-117.234631
384,19:44:25,32.702970,-117.234631
385,19:44:25,32.702970,-117.234631
386,19:44:25,32.702970,-117.234631
387,19:44:25,32.702970,-117.234631
388,19:44:25,32.702970,-117.234631
389,19:44:25,32.702970,-117.234631
390,19:44:25,32.702970,-117.234631
391,19:44:25,32.702970,-117.234631
392,19:44:25,32.702970,-117.234631
393,19:44:25,32.702970,-117.234631
394,19:44:25,32.702970,-117.234631
395,19:44:25,32.702970,-117.234631
396,19:44:25,32.702970,-117.234631
397,19:44:25,32.702970,-117.234631
398,19:44:25,32.702970,-117.234631
399,19:44:25,32.702970,-117.234631
400,19:44:25,32.702970,-117.234631
401,19:44:25,32.702970,-117.234631
402,19:44:25,32.702970,-117.234631
403,19:44:25,32.702970,-117.234631
404,19:44:25,32.702970,-117.234631
405,19:44:25,32.702970,-117.234631
406,19:44:25,32.702970,-117.234631
407,19:44:25,32.702970,-117.234631
408,19:44:25,32.702970,-117.234631
409,19:44:25,32.702970,-117.234631
410,19:44:25,32.702970,-117.234631
411,19:44:25,32.702970,-117.234631
412,19:44:30,32.702970,-117.234631
413,19:44:30,32.702970,-117.234631
414,19:44:30,32.702970,-117.234631
415,19:44:30,32.702970,-117.234631
416,19:44:30,32.702970,-117.234631
417,19:44:30,32.702970,-117.234631
418,19:44:30,32.702970,-117.234631
419,19:44:30,32.702970,-117.234631
420,19:44:30,32.702970,-117.234631
421,19:44:30,32.702970,-117.234631
422,19:44:30,32.702970,-117.234631
423,19:44:30,32.702970,-117.234631
424,19:44:30,32.702970,-117.234631
425,19:44:30,32.702970,-117.234631
426,19:44:30,32.702970,-117.234631
427,19:44:30,32.702970,-117.234631
428,19:44:30,32.702970,-117.234631
429,19:44:30,32.702970,-117.234631
430,19:44:30,32.702970,-117.234631
431,19:44:30,32.702970,-117.234631
432,19:44:30,32.702970,-117.234631
433,19:44:30,32.702970,-117.234631
434,19:44:30,32.702970,-117.234631
435,19:44:30,32.702970,-117.234631
436,19:44:30,32.702970,-117.234631
437,19:44:30,32.702970,-117.234631
438,19:44:30,32.702970,-117.234631
439,19:44:30,32.702970,-117.234631
440,19:44:30,32.702970,-117.234631
441,19:44:30,32.702970,-117.234631
442,19:44:30,32.702970,-117.234631
443,19:44:30,32.702970,-117.234631
444,19:44:30,32.702970,-117.234631
445,19:44:30,32.702970,-117.234631
446,19:44:30,32.702970,-117.234631
447,19:44:30,32.702970,-117.234631
448,19:44:30,32.702970,-117.234631
449,19:44:30,32.702970,-117.234631
450,19:44:30,32.702970,-117.234631
451,19:44:30,32.702970,-117.234631
452,19:44:30,32.702970,-117.234631
453,19:44:30,32.702970,-117.234631
454,19:44:30,32.702970,-117.234631
455,19:44:30,32.702970,-117.234631
456,19:44:30,32.702970,-117.234631
457,19:44:30,32.702970,-117.234631
458,19:44:30,32.702970,-117.234631
459,19:44:30,32.702970,-117.234631
460,19:44:30,32.702970,-117.234631
461,19:44:30,32.702970,-117.234631
462,19:44:30,32.702970,-117.234631
463,19:44:30,32.702970,-117.234631
464,19:44:30,32.702970,-117.234631
465,19:44:30,32.702970,-117.234631
466,19:44:30,32.702970,-117.234631
467,19:44:30,32.702970,-117.234631
468,19:44:30,32.702970,-117.234631
469,19:44:30,32.702970,-117.234631
470,19:44:30,32.702970,-117.234631
471,19:44:30,32.702970,-117.234631
472,19:44:30,32.702970,-117.234631
473,19:44:30,32.702970,-117.234631
474,19:44:30,32.702970,-117.234631
475,19:44:30,32.702970,-117.234631
476,19:44:30,32.702970,-117.234631
477,19:44:30,32.702970,-117.234631
478,19:44:30,32.702970,-117.234631
479,19:44:30,32.702970,-117.234631
480,19:44:30,32.702970,-117.234631
481,19:44:30,32.702970,-117.234631
482,19:44:30,32.702970,-117.234631
483,19:44:30,32.702970,-117.234631
484,19:44:30,32.702970,-117.234631
485,19:44:30,32.702970,-117.234631
486,19:44:30,32.702970,-117.234631
487,19:44:30,32.702970,-117.234631
488,19:44:30,32.702970,-117.234631
489,19:44:30,32.702970,-117.234631
490,19:44:30,32.702970,-117.234631
491,19:44:30,32.702970,-117.234631
492,19:44:30,32.702970,-117.234631
493,19:44:30,32.702970,-117.234631
494,19:44:30,32.702970,-117.234631
495,19:44:30,32.702970,-117.234631
496,19:44:30,32.702970,-117.234631
497,19:44:30,32.702970,-117.234631
498,19:44:30,32.702970,-117.234631
499,19:44:30,32.702970,-117.234631
500,19:44:30,32.702970,-117.234631
501,19:44:30,32.702970,-117.234631
502,19:44:30,32.702970,-117.234631
503,19:44:30,32.702970,-117.234631
504,19:44:30,32.702970,-117.234631
505,19:44:30,32.702970,-117.234631
506,19:44:30,32.702970,-117.234631
507,19:44:30,32.702970,-117.234631
508,19:44:30,32.702970,-117.234631
509,19:44:30,32.702970,-117.234631
510,19:44:30,32.702970,-117.234631
511,19:44:30,32.702970,-117.234631
512,19:44:30,32.702970,-117.234631
513,19:44:30,32.702970,-117.234631
514,19:44:30,32.702970,-117.234631
515,19:44:35,32.702970,-117.234631
516,19:44:35,32.702970,-117.234631
517,19:44:35,32.702970,-117.234631
518,19:44:35,32.702970,-117.234631
519,19:44:35,32.702970,-117.234631
520,19:44:35,32.702970,-117.234631
521,19:44:35,32.702970,-117.234631
522,19:44:35,32.702970,-117.234631
523,19:44:35,32.702970,-117.234631
524,19:44:35,32.702970,-117.234631
525,19:44:35,32.702970,-117.234631
526,19:44:35,32.702970,-117.234631
527,19:44:35,32.702970,-117.234631
528,19:44:35,32.702970,-117.234631
529,19:44:35,32.702970,-117.234631
530,19:44:35,32.702970,-117.234631
531,19:44:35,32.702970,-117.234631
532,19:44:35,32.702970,-117.234631
533,19:44:35,32.702970,-117.234631
534,19:44:35,32.702970,-117.234631
535,19:44:35,32.702970,-117.234631
536,19:44:35,32.702970,-117.234631
537,19:44:35,32.702970,-117.234631
538,19:44:35,32.702970,-117.234631
539,19:44:35,32.702970,-117.234631
540,19:44:35,32.702970,-117.234631
541,19:44:35,32.702970,-117.234631
542,19:44:35,32.702970,-117.234631
543,19:44:35,32.702970,-117.234631
544,19:44:35,32.702970,-117.234631
545,19:44:35,32.702970,-117.234631
546,19:44:35,32.702970,-117.234631
547,19:44:35,32.702970,-117.234631
548,19:44:35,32.702970,-117.234631
549,19:44:35,32.702970,-117.234631
550,19:44:35,32.702970,-117.234631
551,19:44:35,32.702970,-117.234631
552,19:44:35,32.702970,-117.234631
553,19:44:35,32.702970,-117.234631
554,19:44:35,32.702970,-117.234631
555,19:44:35,32.702970,-117.234631
556,19:44:35,32.702970,-117.234631
557,19:44:35,32.702970,-117.234631
558,19:44:35,32.702970,-117.234631
559,19:44:35,32.702970,-117.234631
560,19:44:35,32.702970,-117.234631
561,19:44:35,32.702970,-117.234631
562,19:44:35,32.702970,-117.234631
563,19:44:35,32.702970,-117.234631
564,19:44:35,32.702970,-117.234631
565,19:44:35,32.702970,-117.234631
566,19:44:35,32.702970,-117.234631
567,19:44:35,32.702970,-117.234631
568,19:44:35,32.702970,-117.234631
569,19:44:35,32.702970,-117.234631
570,19:44:35,32.702970,-117.234631
571,19:44:35,32.702970,-117.234631
572,19:44:35,32.702970,-117.234631
573,19:44:35,32.702970,-117.234631
574,19:44:35,32.702970,-117.234631
575,19:44:35,32.702970,-117.234631
576,19:44:35,32.702970,-117.234631
577,19:44:35,32.702970,-117.234631
578,19:44:35,32.702970,-117.234631
579,19:44:35,32.702970,-117.234631
580,19:44:35,32.702970,-117.234631
581,19:44:35,32.702970,-117.234631
582,19:44:35,32.702970,-117.234631
583,19:44:35,32.702970,-117.234631
584,19:44:35,32.702970,-117.234631
585,19:44:35,32.702970,-117.234631
586,19:44:35,32.702970,-117.234631
587,19:44:35,32.702970,-117.234631
588,19:44:35,32.702970,-117.234631
589,19:44:35,32.702970,-117.234631
590,19:44:35,32.702970,-117.234631
591,19:44:35,32.702970,-117.234631
592,19:44:35,32.702970,-117.234631
593,19:44:35,32.702970,-117.234631
594,19:44:35,32.702970,-117.234631
595,19:44:35,32.702970,-117.234631
596,19:44:35,32.702970,-117.234631
597,19:44:35,32.702970,-117.234631
598,19:44:35,32.702970,-117.234631
599,19:44:35,32.702970,-117.234631
600,19:44:35,32.702970,-117.234631
601,19:44:35,32.702970,-117.234631
602,19:44:35,32.702970,-117.234631
603,19:44:35,32.702970,-117.234631
604,19:44:35,32.702970,-117.234631
605,19:44:35,32.702970,-117.234631
606,19:44:35,32.702970,-117.234631
607,19:44:35,32.702970,-117.234631
608,19:44:35,32.702970,-117.234631
609,19:44:35,32.702970,-117.234631
610,19:44:35,32.702970,-117.234631
611,19:44:35,32.702970,-117.234631
612,19:44:35,32.702970,-117.234631
613,19:44:35,32.702970,-117.234631
614,19:44:35,32.702970,-117.234631
615,19:44:35,32.702970,-117.234631
616,19:44:35,32.702970,-117.234631
617,19:44:35,32.702970,-117.234631
618,19:44:35,32.702970,-117.234631
619,19:44:35,32.702970,-117.234631
620,19:44:35,32.702970,-117.234631
621,19:44:40,32.702970,-117.234631
622,19:44:40,32.702970,-117.234631
623,19:44:40,32.702970,-117.234631
624,19:44:40,32.702970,-117.234631
625,19:44:40,32.702970,-117.234631
626,19:44:40,32.702970,-117.234631
627,19:44:40,32.702970,-117.234631
628,19:44:40,32.702970,-117.234631
629,19:44:40,32.702970,-117.234631
630,19:44:40,32.702970,-117.234631
631,19:44:40,32.702970,-117.234631
632,19:44:40,32.702970,-117.234631
633,19:44:40,32.702970,-117.234631
634,19:44:40,32.702970,-117.234631
635,19:44:40,32.702970,-117.234631
636,19:44:40,32.702970,-117.234631
637,19:44:40,32.702970,-117.234631
638,19:44:40,32.702970,-117.234631
639,19:44:40,32.702970,-117.234631
640,19:44:40,32.702970,-117.234631
641,19:44:40,32.702970,-117.234631
642,19:44:40,32.702970,-117.234631
643,19:44:40,32.702970,-117.234631
644,19:44:40,32.702970,-117.234631
645,19:44:40,32.702970,-117.234631
646,19:44:40,32.702970,-117.234631
647,19:44:40,32.702970,-117.234631
648,19:44:40,32.702970,-117.234631
649,19:44:40,32.702970,-117.234631
650,19:44:40,32.702970,-117.234631
651,19:44:40,32.702970,-117.234631
652,19:44:40,32.702970,-117.234631
653,19:44:40,32.702970,-117.234631
654,19:44:40,32.702970,-117.234631
655,19:44:40,32.702970,-117.234631
656,19:44:40,32.702970,-117.234631
657,19:44:40,32.702970,-117.234631
658,19:44:40,32.702970,-117.234631
659,19:44:40,32.702970,-117.234631
660,19:44:40,32.702970,-117.234631
661,19:44:40,32.702970,-117.234631
662,19:44:40,32.702970,-117.234631
663,19:44:40,32.702970,-117.234631
664,19:44:40,32.702970,-117.234631
665,19:44:40,32.702970,-117.234631
666,19:44:40,32.702970,-117.234631
667,19:44:40,32.702970,-117.234631
668,19:44:40,32.702970,-117.234631
669,19:44:40,32.702970,-117.234631
670,19:44:40,32.702970,-117.234631
671,19:44:40,32.702970,-117.234631
672,19:44:40,32.702970,-117.234631
673,19:44:40,32.702970,-117.234631
674,19:44:40,32.702970,-117.234631
675,19:44:40,32.702970,-117.234631
676,19:44:40,32.702970,-117.234631
677,19:44:40,32.702970,-117.234631
678,19:44:40,32.702970,-117.234631
679,19:44:40,32.702970,-117.234631
680,19:44:40,32.702970,-117.234631
681,19:44:40,32.702970,-117.234631
682,19:44:40,32.702970,-117.234631
683,19:44:40,32.702970,-117.234631
684,19:44:40,32.702970,-117.234631
685,19:44:40,32.702970,-117.234631
686,19:44:40,32.702970,-117.234631
687,19:44:40,32.702970,-117.234631
688,19:44:40,32.702970,-117.234631
689,19:44:40,32.702970,-117.234631
690,19:44:40,32.702970,-117.234631
691,19:44:40,32.702970,-117.234631
692,19:44:40,32.702970,-117.234631
693,19:44:40,32.702970,-117.234631
694,19:44:40,32.702970,-117.234631
695,19:44:40,32.702970,-117.234631
696,19:44:40,32.702970,-117.234631
697,19:44:40,32.702970,-117.234631
698,19:44:40,32.702970,-117.234631
699,19:44:40,32.702970,-117.234631
700,19:44:40,32.702970,-117.234631
701,19:44:40,32.702970,-117.234631
702,19:44:40,32.702970,-117.234631
703,19:44:40,32.702970,-117.234631
704,19:44:40,32.702970,-117.234631
705,19:44:40,32.702970,-117.234631
706,19:44:40,32.702970,-117.234631
707,19:44:40,32.702970,-117.234631
708,19:44:40,32.702970,-117.234631
709,19:44:40,32.702970,-117.234631
710,19:44:40,32.702970,-117.234631
711,19:44:40,32.702970,-117.234631
712,19:44:40,32.702970,-117.234631
713,19:44:40,32.702970,-117.234631
714,19:44:40,32.702970,-117.234631
715,19:44:40,32.702970,-117.234631
716,19:44:40,32.702970,-117.234631
717,19:44:40,32.702970,-117.234631
718,19:44:40,32.702970,-117.234631
719,19:44:40,32.702970,-117.234631
720,19:44:40,32.702970,-117.234631
721,19:44:40,32.702970,-117.234631
722,19:44:40,32.702970,-117.234631
723,19:44:40,32.702970,-117.234631
724,19:44:40,32.702970,-117.234631
725,19:44:40,32.702970,-117.234631
726,19:44:45,32.702970,-117.234631
727,19:44:45,32.702970,-117.234631
728,19:44:45,32.702970,-117.234631
729,19:44:45,32.702970,-117.234631
730,19:44:45,32.702970,-117.234631
731,19:44:45,32.702970,-117.234631
732,19:44:45,32.702970,-117.234631
733,19:44:45,32.702970,-117.234631
734,19:44:45,32.702970,-117.234631
735,19:44:45,32.702970,-117.234631
736,19:44:45,32.702970,-117.234631
737,19:44:45,32.702970,-117.234631
738,19:44:45,32.702970,-117.234631
739,19:44:45,32.702970,-117.234631
740,19:44:45,32.702970,-117.234631
741,19:44:45,32.702970,-117.234631
742,19:44:45,32.702970,-117.234631
743,19:44:45,32.702970,-117.234631
744,19:44:45,32.702970,-117.234631
745,19:44:45,32.702970,-117.234631
746,19:44:45,32.702970,-117.234631
747,19:44:45,32.702970,-117.234631
748,19:44:45,32.702970,-117.234631
749,19:44:45,32.702970,-117.234631
750,19:44:45,32.702970,-117.234631
751,19:44:45,32.702970,-117.234631
752,19:44:45,32.702970,-117.234631
753,19:44:45,32.702970,-117.234631
754,19:44:45,32.702970,-117.234631
755,19:44:45,32.702970,-117.234631
756,19:44:45,32.702970,-117.234631
757,19:44:45,32.702970,-117.234631
758,19:44:45,32.702970,-117.234631
759,19:44:45,32.702970,-117.234631
760,19:44:45,32.702970,-117.234631
761,19:44:45,32.702970,-117.234631
762,19:44:45,32.702970,-117.234631
763,19:44:45,32.702970,-117.234631
764,19:44:45,32.702970,-117.234631
765,19:44:45,32.702970,-117.234631
766,19:44:45,32.702970,-117.234631
767,19:44:45,32.702970,-117.234631
768,19:44:45,32.702970,-117.234631
769,19:44:45,32.702970,-117.234631
770,19:44:45,32.702970,-117.234631
771,19:44:45,32.702970,-117.234631
772,19:44:45,32.702970,-117.234631
773,19:44:45,32.702970,-117.234631
774,19:44:45,32.702970,-117.234631
775,19:44:45,32.702970,-117.234631
776,19:44:45,32.702970,-117.234631
777,19:44:45,32.702970,-117.234631
778,19:44:45,32.702970,-117.234631
779,19:44:45,32.702970,-117.234631
780,19:44:45,32.702970,-117.234631
781,19:44:45,32.702970,-117.234631
782,19:44:45,32.702970,-117.234631
783,19:44:45,32.702970,-117.234631
784,19:44:45,32.702970,-117.234631
785,19:44:45,32.702970,-117.234631
786,19:44:45,32.702970,-117.234631
787,19:44:45,32.702970,-117.234631
788,19:44:45,32.702970,-117.234631
789,19:44:45,32.702970,-117.234631
790,19:44:45,32.702970,-117.234631
791,19:44:45,32.702970,-117.234631
792,19:44:45,32.702970,-117.234631
793,19:44:45,32.702970,-117.234631
794,19:44:45,32.702970,-117.234631
795,19:44:45,32.702970,-117.234631
796,19:44:45,32.702970,-117.234631
797,19:44:45,32.702970,-117.234631
798,19:44:45,32.702970,-117.234631
799,19:44:45,32.702970,-117.234631
800,19:44:45,32.702970,-117.234631
801,19:44:45,32.702970,-117.234631
802,19:44:45,32.702970,-117.234631
803,19:44:45,32.702970,-117.234631
804,19:44:45,32.702970,-117.234631
805,19:44:45,32.702970,-117.234631
806,19:44:45,32.702970,-117.234631
807,19:44:45,32.702970,-117.234631
808,19:44:45,32.702970,-117.234631
809,19:44:45,32.702970,-117.234631
810,19:44:45,32.702970,-117.234631
811,19:44:45,32.702970,-117.234631
812,19:44:45,32.702970,-117.234631
813,19:44:45,32.702970,-117.234631
814,19:44:45,32.702970,-117.234631
815,19:44:45,32.702970,-117.234631
816,19:44:45,32.702970,-117.234631
817,19:44:45,32.702970,-117.234631
818,19:44:45,32.702970,-117.234631
819,19:44:45,32.702970,-117.234631
820,19:44:45,32.702970,-117.234631
821,19:44:45,32.702970,-117.234631
822,19:44:45,32.702970,-117.234631
823,19:44:45,32.702970,-117.234631
824,19:44:45,32.702970,-117.234631
825,19:44:45,32.702970,-117.234631
826,19:44:45,32.702970,-117.234631
827,19:44:45,32.702970,-117.234631
828,19:44:45,32.702970,-117.234631
829,19:44:45,32.702970,-117.234631
830,19:44:45,32.702970,-117.234631
831,19:44:45,32.702970,-117.234631
832,19:44:45,32.702970,-117.234631
833,19:44:45,32.702970,-117.234631
834,19:44:45,32.702970,-117.234631
835,19:44:45,32.702970,-117.234631
836,19:44:45,32.702970,-117.234631
837,19:44:45,32.702970,-117.234631
838,19:44:45,32.702970,-117.234631
839,19:44:45,32.702970,-117.234631
840,19:44:45,32.702970,-117.234631
841,19:44:50,32.702970,-117.234631
842,19:44:50,32.702970,-117.234631
843,19:44:50,32.702970,-117.234631
844,19:44:50,32.702970,-117.234631
845,19:44:50,32.702970,-117.234631
846,19:44:50,32.702970,-117.234631
847,19:44:50,32.702970,-117.234631
848,19:44:50,32.702970,-117.234631
849,19:44:50,32.702970,-117.234631
850,19:44:50,32.702970,-117.234631
851,19:44:50,32.702970,-117.234631
852,19:44:50,32.702970,-117.234631
853,19:44:50,32.702970,-117.234631
854,19:44:50,32.702970,-117.234631
855,19:44:50,32.702970,-117.234631
856,19:44:50,32.702970,-117.234631
857,19:44:50,32.702970,-117.234631
858,19:44:50,32.702970,-117.234631
859,19:44:50,32.702970,-117.234631
860,19:44:50,32.702970,-117.234631
861,19:44:50,32.702970,-117.234631
862,19:44:50,32.702970,-117.234631
863,19:44:50,32.702970,-117.234631
864,19:44:50,32.702970,-117.234631
865,19:44:50,32.702970,-117.234631
866,19:44:50,32.702970,-117.234631
867,19:44:50,32.702970,-117.234631
868,19:44:50,32.702970,-117.234631
869,19:44:50,32.702970,-117.234631
870,19:44:50,32.702970,-117.234631
871,19:44:50,32.702970,-117.234631
872,19:44:50,32.702970,-117.234631
873,19:44:50,32.702970,-117.234631
874,19:44:50,32.702970,-117.234631
875,19:44:50,32.702970,-117.234631
876,19:44:50,32.702970,-117.234631
877,19:44:50,32.702970,-117.234631
878,19:44:50,32.702970,-117.234631
879,19:44:50,32.702970,-117.234631
880,19:44:50,32.702970,-117.234631
881,19:44:50,32.702970,-117.234631
882,19:44:50,32.702970,-117.234631
883,19:44:50,32.702970,-117.234631
884,19:44:50,32.702970,-117.234631
885,19:44:50,32.702970,-117.234631
886,19:44:50,32.702970,-117.234631
887,19:44:50,32.702970,-117.234631
888,19:44:50,32.702970,-117.234631
889,19:44:50,32.702970,-117.234631
890,19:44:50,32.702970,-117.234631
891,19:44:50,32.702970,-117.234631
892,19:44:50,32.702970,-117.234631
893,19:44:50,32.702970,-117.234631
894,19:44:50,32.702970,-117.234631
895,19:44:50,32.702970,-117.234631
896,19:44:50,32.702970,-117.234631
897,19:44:50,32.702970,-117.234631
898,19:44:50,32.702970,-117.234631
899,19:44:50,32.702970,-117.234631
900,19:44:50,32.702970,-117.234631
901,19:44:50,32.702970,-117.234631
902,19:44:50,32.702970,-117.234631
903,19:44:50,32.702970,-117.234631
904,19:44:50,32.702970,-117.234631
905,19:44:50,32.702970,-117.234631
906,19:44:50,32.702970,-117.234631
907,19:44:50,32.702970,-117.234631
908,19:44:50,32.702970,-117.234631
909,19:44:50,32.702970,-117.234631
910,19:44:50,32.702970,-117.234631
911,19:44:50,32.702970,-117.234631
912,19:44:50,32.702970,-117.234631
913,19:44:50,32.702970,-117.234631
914,19:44:50,32.702970,-117.234631
915,19:44:50,32.702970,-117.234631
916,19:44:50,32.702970,-117.234631
917,19:44:50,32.702970,-117.234631
918,19:44:50,32.702970,-117.234631
919,19:44:50,32.702970,-117.234631
920,19:44:50,32.702970,-117.234631
921,19:44:50,32.702970,-117.234631
922,19:44:50,32.702970,-117.234631
923,19:44:50,32.702970,-117.234631
924,19:44:50,32.702970,-117.234631
925,19:44:50,32.702970,-117.234631
926,19:44:50,32.702970,-117.234631
927,19:44:50,32.702970,-117.234631
928,19:44:50,32.702970,-117.234631
929,19:44:50,32.702970,-117.234631
930,19:44:50,32.702970,-117.234631
931,19:44:50,32.702970,-117.234631
932,19:44:50,32.702970,-117.234631
933,19:44:50,32.702970,-117.234631
934,19:44:50,32.702970,-117.234631
935,19:44:50,32.702970,-117.234631
936,19:44:50,32.702970,-117.234631
937,19:44:50,32.702970,-117.234631
938,19:44:50,32.702970,-117.234631
939,19:44:50,32.702970,-117.234631
940,19:44:50,32.702970,-117.234631
941,19:44:50,32.702970,-117.234631
942,19:44:50,32.702970,-117.234631
943,19:44:50,32.702970,-117.234631
944,19:44:50,32.702970,-117.234631
945,19:44:50,32.702970,-117.234631
946,19:44:50,32.702970,-117.234631
947,19:44:50,32.702970,-117.234631
948,19:44:50,32.702970,-117.234631
949,19:44:50,32.702970,-117.234631
950,19:44:50,32.702970,-117.234631
951,19:44:50,32.702970,-117.234631
952,19:44:50,32.702970,-117.234631
953,19:44:50,32.702970,-117.234631
954,19:44:50,32.702970,-117.234631
955,19:44:50,32.702970,-117.234631
956,19:44:50,32.702970,-117.234631
957,19:44:50,32.702970,-117.234631
958,19:44:50,32.702970,-117.234631
959,19:44:50,32.702970,-117.234631
960,19:44:50,32.702970,-117.234631
961,19:44:50,32.702970,-117.234631
962,19:44:50,32.702970,-117.234631
963,19:44:50,32.702970,-117.234631
964,19:44:55,32.702970,-117.234631
965,19:44:55,32.702970,-117.234631
966,19:44:55,32.702970,-117.234631
967,19:44:55,32.702970,-117.234631
968,19:44:55,32.702970,-117.234631
969,19:44:55,32.702970,-117.234631
970,19:44:55,32.702970,-117.234631
971,19:44:55,32.702970,-117.234631
972,19:44:55,32.702970,-117.234631
973,19:44:55,32.702970,-117.234631
974,19:44:55,32.702970,-117.234631
975,19:44:55,32.702970,-117.234631
976,19:44:55,32.702970,-117.234631
977,19:44:55,32.702970,-117.234631
978,19:44:55,32.702970,-117.234631
979,19:44:55,32.702970,-117.234631
980,19:44:55,32.702970,-117.234631
981,19:44:55,32.702970,-117.234631
982,19:44:55,32.702970,-117.234631
983,19:44:55,32.702970,-117.234631
984,19:44:55,32.702970,-117.234631
985,19:44:55,32.702970,-117.234631
986,19:44:55,32.702970,-117.234631
987,19:44:55,32.702970,-117.234631
988,19:44:55,32.702970,-117.234631
989,19:44:55,32.702970,-117.234631
990,19:44:55,32.702970,-117.234631
991,19:44:55,32.702970,-117.234631
992,19:44:55,32.702970,-117.234631
993,19:44:55,32.702970,-117.234631
994,19:44:55,32.702970,-117.234631
995,19:44:55,32.702970,-117.234631
996,19:44:55,32.702970,-117.234631
997,19:44:55,32.702970,-117.234631
998,19:44:55,32.702970,-117.234631
999,19:44:55,32.702970,-117.234631
1000,19:44:55,32.702970,-117.234631
1001,19:44:55,32.702970,-117.234631
1002,19:44:55,32.702970,-117.234631
1003,19:44:55,32.702970,-117.234631
1004,19:44:55,32.702970,-117.234631
1005,19:44:55,32.702970,-117.234631
1006,19:44:55,32.702970,-117.234631
1007,19:44:55,32.702970,-117.234631
1008,19:44:55,32.702970,-117.234631
1009,19:44:55,32.702970,-117.234631
1010,19:44:55,32.702970,-117.234631
1011,19:44:55,32.702970,-117.234631
1012,19:44:55,32.702970,-117.234631
1013,19:44:55,32.702970,-117.234631
1014,19:44:55,32.702970,-117.234631
1015,19:44:55,32.702970,-117.234631
1016,19:44:55,32.702970,-117.234631
1017,19:44:55,32.702970,-117.234631
1018,19:44:55,32.702970,-117.234631
1019,19:44:55,32.702970,-117.234631
1020,19:44:55,32.702970,-117.234631
1021,19:44:55,32.702970,-117.234631
1022,19:44:55,32.702970,-117.234631
1023,19:44:55,32.702970,-117.234631
1024,19:44:55,32.702970,-117.234631
1025,19:44:55,32.702970,-117.234631
1026,19:44:55,32.702970,-117.234631
1027,19:44:55,32.702970,-117.234631
1028,19:44:55,32.702970,-117.234631
1029,19:44:55,32.702970,-117.234631
1030,19:44:55,32.702970,-117.234631
1031,19:44:55,32.702970,-117.234631
1032,19:44:55,32.702970,-117.234631
1033,19:44:55,32.702970,-117.234631
1034,19:44:55,32.702970,-117.234631
1035,19:44:55,32.702970,-117.234631
1036,19:44:55,32.702970,-117.234631
1037,19:44:55,32.702970,-117.234631
1038,19:44:55,32.702970,-117.234631
1039,19:44:55,32.702970,-117.234631
1040,19:44:55,32.702970,-117.234631
1041,19:44:55,32.702970,-117.234631
1042,19:44:55,32.702970,-117.234631
1043,19:44:55,32.702970,-117.234631
1044,19:44:55,32.702970,-117.234631
1045,19:44:55,32.702970,-117.234631
1046,19:44:55,32.702970,-117.234631
1047,19:44:55,32.702970,-117.234631
1048,19:44:55,32.702970,-117.234631
1049,19:44:55,32.702970,-117.234631
1050,19:44:55,32.702970,-117.234631
1051,19:44:55,32.702970,-117.234631
1052,19:44:55,32.702970,-117.234631
1053,19:44:55,32.702970,-117.234631
1054,19:44:55,32.702970,-117.234631
1055,19:44:55,32.702970,-117.234631
1056,19:44:55,32.702970,-117.234631
1057,19:44:55,32.702970,-117.234631
1058,19:44:55,32.702970,-117.234631
1059,19:44:55,32.702970,-117.234631
1060,19:44:55,32.702970,-117.234631
1061,19:44:55,32.702970,-117.234631
1062,19:44:55,32.702970,-117.234631
1063,19:44:55,32.702970,-117.234631
1064,19:44:55,32.702970,-117.234631
1065,19:44:55,32.702970,-117.234631
1066,19:44:55,32.702970,-117.234631
1067,19:44:55,32.702970,-117.234631
1068,19:44:55,32.702970,-117.234631
1069,19:44:55,32.702970,-117.234631
1070,19:44:55,32.702970,-117.234631
1071,19:44:55,32.702970,-117.234631
1072,19:44:55,32.702970,-117.234631
1073,19:44:55,32.702970,-117.234631
1074,19:44:55,32.702970,-117.234631
1075,19:44:55,32.702970,-117.234631
1076,19:44:55,32.702970,-117.234631
1077,19:44:55,32.702970,-117.234631
1078,19:44:55,32.702970,-117.234631
1079,19:44:55,32.702970,-117.234631
1080,19:44:55,32.702970,-117.234631
1081,19:44:55,32.702970,-117.234631
1082,19:44:55,32.702970,-117.234631
1083,19:44:55,32.702970,-117.234631
1084,19:44:55,32.702970,-117.234631
1085,19:44:55,32.702970,-117.234631
1086,19:44:55,32.702970,-117.234631
1087,19:45:00,32.702970,-117.234631
1088,19:45:00,32.702970,-117.234631
1089,19:45:00,32.702970,-117.234631
1090,19:45:00,32.702970,-117.234631
1091,19:45:00,32.702970,-117.234631
1092,19:45:00,32.702970,-117.234631
1093,19:45:00,32.702970,-117.234631
1094,19:45:00,32.702970,-117.234631
1095,19:45:00,32.702970,-117.234631
1096,19:45:00,32.702970,-117.234631
1097,19:45:00,32.702970,-117.234631
1098,19:45:00,32.702970,-117.234631
1099,19:45:00,32.702970,-117.234631
1100,19:45:00,32.702970,-117.234631
1101,19:45:00,32.702970,-117.234631
1102,19:45:00,32.702970,-117.234631
1103,19:45:00,32.702970,-117.234631
1104,19:45:00,32.702970,-117.234631
1105,19:45:00,32.702970,-117.234631
1106,19:45:00,32.702970,-117.234631
1107,19:45:00,32.702970,-117.234631
1108,19:45:00,32.702970,-117.234631
1109,19:45:00,32.702970,-117.234631
1110,19:45:00,32.702970,-117.234631
1111,19:45:00,32.702970,-117.234631
1112,19:45:00,32.702970,-117.234631
1113,19:45:00,32.702970,-117.234631
1114,19:45:00,32.702970,-117.234631
1115,19:45:00,32.702970,-117.234631
1116,19:45:00,32.702970,-117.234631
1117,19:45:00,32.702970,-117.234631
1118,19:45:00,32.702970,-117.234631
1119,19:45:00,32.702970,-117.234631
1120,19:45:00,32.702970,-117.234631
1121,19:45:00,32.702970,-117.234631
1122,19:45:00,32.702970,-117.234631
1123,19:45:00,32.702970,-117.234631
1124,19:45:00,32.702970,-117.234631
1125,19:45:00,32.702970,-117.234631
1126,19:45:00,32.702970,-117.234631
1127,19:45:00,32.702970,-117.234631
1128,19:45:00,32.702970,-117.234631
1129,19:45:00,32.702970,-117.234631
1130,19:45:00,32.702970,-117.234631
1131,19:45:00,32.702970,-117.234631
1132,19:45:00,32.702970,-117.234631
1133,19:45:00,32.702970,-117.234631
1134,19:45:00,32.702970,-117.234631
1135,19:45:00,32.702970,-117.234631
1136,19:45:00,32.702970,-117.234631
1137,19:45:00,32.702970,-117.234631
1138,19:45:00,32.702970,-117.234631
1139,19:45:00,32.702970,-117.234631
1140,19:45:00,32.702970,-117.234631
1141,19:45:00,32.702970,-117.234631
1142,19:45:00,32.702970,-117.234631
1143,19:45:00,32.702970,-117.234631
1144,19:45:00,32.702970,-117.234631
1145,19:45:00,32.702970,-117.234631
1146,19:45:00,32.702970,-117.234631
1147,19:45:00,32.702970,-117.234631
1148,19:45:00,32.702970,-117.234631
1149,19:45:00,32.702970,-117.234631
1150,19:45:00,32.702970,-117.234631
1151,19:45:00,32.702970,-117.234631
1152,19:45:00,32.702970,-117.234631
1153,19:45:00,32.702970,-117.234631
1154,19:45:00,32.702970,-117.234631
1155,19:45:00,32.702970,-117.234631
1156,19:45:00,32.702970,-117.234631
1157,19:45:00,32.702970,-117.234631
1158,19:45:00,32.702970,-117.234631
1159,19:45:00,32.702970,-117.234631
1160,19:45:00,32.702970,-117.234631
1161,19:45:00,32.702970,-117.234631
1162,19:45:00,32.702970,-117.234631
1163,19:45:00,32.702970,-117.234631
1164,19:45:00,32.702970,-117.234631
1165,19:45:00,32.702970,-117.234631
1166,19:45:00,32.702970,-117.234631
1167,19:45:00,32.702970,-117.234631
1168,19:45:00,32.702970,-117.234631
1169,19:45:00,32.702970,-117.234631
1170,19:45:00,32.702970,-117.234631
1171,19:45:00,32.702970,-117.234631
1172,19:45:00,32.702970,-117.234631
1173,19:45:00,32.702970,-117.234631
1174,19:45:00,32.702970,-117.234631
1175,19:45:00,32.702970,-117.234631
1176,19:45:00,32.702970,-117.234631
1177,19:45:00,32.702970,-117.234631
1178,19:45:00,32.702970,-117.234631
1179,19:45:00,32.702970,-117.234631
1180,19:45:00,32.702970,-117.234631
1181,19:45:00,32.702970,-117.234631
1182,19:45:00,32.702970,-117.234631
1183,19:45:00,32.702970,-117.234631
1184,19:45:00,32.702970,-117.234631
1185,19:45:00,32.702970,-117.234631
1186,19:45:00,32.702970,-117.234631
1187,19:45:00,32.702970,-117.234631
1188,19:45:00,32.702970,-117.234631
1189,19:45:00,32.702970,-117.234631
1190,19:45:00,32.702970,-117.234631
1191,19:45:00,32.702970,-117.234631
1192,19:45:00,32.702970,-117.234631
1193,19:45:00,32.702970,-117.234631
1194,19:45:00,32.702970,-117.234631
1195,19:45:00,32.702970,-117.234631
1196,19:45:05,32.702970,-117.234631
1197,19:45:05,32.702970,-117.234631
1198,19:45:05,32.702970,-117.234631
1199,19:45:05,32.702970,-117.234631
1200,19:45:05,32.702970,-117.234631
1201,19:45:05,32.702970,-117.234631
1202,19:45:05,32.702970,-117.234631
1203,19:45:05,32.702970,-117.234631
1204,19:45:05,32.702970,-117.234631
1205,19:45:05,32.702970,-117.234631
1206,19:45:05,32.702970,-117.234631
1207,19:45:05,32.702970,-117.234631
1208,19:45:05,32.702970,-117.234631
1209,19:45:05,32.702970,-117.234631
1210,19:45:05,32.702970,-117.234631
1211,19:45:05,32.702970,-117.234631
1212,19:45:05,32.702970,-117.234631
1213,19:45:05,32.702970,-117.234631
1214,19:45:05,32.702970,-117.234631
1215,19:45:05,32.702970,-117.234631
1216,19:45:05,32.702970,-117.234631
1217,19:45:05,32.702970,-117.234631
1218,19:45:05,32.702970,-117.234631
1219,19:45:05,32.702970,-117.234631
1220,19:45:05,32.702970,-117.234631
1221,19:45:05,32.702970,-117.234631
1222,19:45:05,32.702970,-117.234631
1223,19:45:05,32.702970,-117.234631
1224,19:45:05,32.702970,-117.234631
1225,19:45:05,32.702970,-117.234631
1226,19:45:05,32.702970,-117.234631
1227,19:45:05,32.702970,-117.234631
1228,19:45:05,32.702970,-117.234631
1229,19:45:05,32.702970,-117.234631
1230,19:45:05,32.702970,-117.234631
1231,19:45:05,32.702970,-117.234631
1232,19:45:05,32.702970,-117.234631
1233,19:45:05,32.702970,-117.234631
1234,19:45:05,32.702970,-117.234631
1235,19:45:05,32.702970,-117.234631
1236,19:45:05,32.702970,-117.234631
1237,19:45:05,32.702970,-117.234631
1238,19:45:05,32.702970,-117.234631
1239,19:45:05,32.702970,-117.234631
1240,19:45:05,32.702970,-117.234631
1241,19:45:05,32.702970,-117.234631
1242,19:45:05,32.702970,-117.234631
1243,19:45:05,32.702970,-117.234631
1244,19:45:05,32.702970,-117.234631
1245,19:45:05,32.702970,-117.234631
1246,19:45:05,32.702970,-117.234631
1247,19:45:05,32.702970,-117.234631
1248,19:45:05,32.702970,-117.234631
1249,19:45:05,32.702970,-117.234631
1250,19:45:05,32.702970,-117.234631
1251,19:45:05,32.702970,-117.234631
1252,19:45:05,32.702970,-117.234631
1253,19:45:05,32.702970,-117.234631
1254,19:45:05,32.702970,-117.234631
1255,19:45:05,32.702970,-117.234631
1256,19:45:05,32.702970,-117.234631
1257,19:45:05,32.702970,-117.234631
1258,19:45:05,32.702970,-117.234631
1259,19:45:05,32.702970,-117.234631
1260,19:45:05,32.702970,-117.234631
1261,19:45:05,32.702970,-117.234631
1262,19:45:05,32.702970,-117.234631
1263,19:45:05,32.702970,-117.234631
1264,19:45:05,32.702970,-117.234631
1265,19:45:05,32.702970,-117.234631
1266,19:45:05,32.702970,-117.234631
1267,19:45:05,32.702970,-117.234631
1268,19:45:05,32.702970,-117.234631
1269,19:45:05,32.702970,-117.234631
1270,19:45:05,32.702970,-117.234631
1271,19:45:05,32.702970,-117.234631
1272,19:45:05,32.702970,-117.234631
1273,19:45:05,32.702970,-117.234631
1274,19:45:05,32.702970,-117.234631
1275,19:45:05,32.702970,-117.234631
1276,19:45:05,32.702970,-117.234631
1277,19:45:05,32.702970,-117.234631
1278,19:45:05,32.702970,-117.234631
1279,19:45:05,32.702970,-117.234631
1280,19:45:05,32.702970,-117.234631
1281,19:45:05,32.702970,-117.234631
1282,19:45:05,32.702970,-117.234631
1283,19:45:05,32.702970,-117.234631
1284,19:45:05,32.702970,-117.234631
1285,19:45:05,32.702970,-117.234631
1286,19:45:05,32.702970,-117.234631
1287,19:45:05,32.702970,-117.234631
1288,19:45:05,32.702970,-117.234631
1289,19:45:05,32.702970,-117.234631
1290,19:45:05,32.702970,-117.234631
1291,19:45:05,32.702970,-117.234631
1292,19:45:05,32.702970,-117.234631
1293,19:45:05,32.702970,-117.234631
1294,19:45:05,32.702970,-117.234631
1295,19:45:05,32.702970,-117.234631
1296,19:45:05,32.702970,-117.234631
1297,19:45:05,32.702970,-117.234631
1298,19:45:05,32.702970,-117.234631
1299,19:45:05,32.702970,-117.234631
1300,19:45:05,32.702970,-117.234631
1301,19:45:05,32.702970,-117.234631
1302,19:45:05,32.702970,-117.234631
1303,19:45:10,32.702970,-117.234631
1304,19:45:10,32.702970,-117.234631
1305,19:45:10,32.702970,-117.234631
1306,19:45:10,32.702970,-117.234631
1307,19:45:10,32.702970,-117.234631
1308,19:45:10,32.702970,-117.234631
1309,19:45:10,32.702970,-117.234631
1310,19:45:10,32.702970,-117.234631
1311,19:45:10,32.702970,-117.234631
1312,19:45:10,32.702970,-117.234631
1313,19:45:10,32.702970,-117.234631
1314,19:45:10,32.702970,-117.234631
1315,19:45:10,32.702970,-117.234631
1316,19:45:10,32.702970,-117.234631
1317,19:45:10,32.702970,-117.234631
1318,19:45:10,32.702970,-117.234631
1319,19:45:10,32.702970,-117.234631
1320,19:45:10,32.702970,-117.234631
1321,19:45:10,32.702970,-117.234631
1322,19:45:10,32.702970,-117.234631
1323,19:45:10,32.702970,-117.234631
1324,19:45:10,32.702970,-117.234631
1325,19:45:10,32.702970,-117.234631
1326,19:45:10,32.702970,-117.234631
1327,19:45:10,32.702970,-117.234631
1328,19:45:10,32.702970,-117.234631
1329,19:45:10,32.702970,-117.234631
1330,19:45:10,32.702970,-117.234631
1331,19:45:10,32.702970,-117.234631
1332,19:45:10,32.702970,-117.234631
1333,19:45:10,32.702970,-117.234631
1334,19:45:10,32.702970,-117.234631
1335,19:45:10,32.702970,-117.234631
1336,19:45:10,32.702970,-117.234631
1337,19:45:10,32.702970,-117.234631
1338,19:45:10,32.702970,-117.234631
1339,19:45:10,32.702970,-117.234631
1340,19:45:10,32.702970,-117.234631
1341,19:45:10,32.702970,-117.234631
1342,19:45:10,32.702970,-117.234631
1343,19:45:10,32.702970,-117.234631
1344,19:45:10,32.702970,-117.234631
1345,19:45:10,32.702970,-117.234631
1346,19:45:10,32.702970,-117.234631
1347,19:45:10,32.702970,-117.234631
1348,19:45:10,32.702970,-117.234631
1349,19:45:10,32.702970,-117.234631
1350,19:45:10,32.702970,-117.234631
1351,19:45:10,32.702970,-117.234631
1352,19:45:10,32.702970,-117.234631
1353,19:45:10,32.702970,-117.234631
1354,19:45:10,32.702970,-117.234631
1355,19:45:10,32.702970,-117.234631
1356,19:45:10,32.702970,-117.234631
1357,19:45:10,32.702970,-117.234631
1358,19:45:10,32.702970,-117.234631
1359,19:45:10,32.702970,-117.234631
1360,19:45:10,32.702970,-117.234631
1361,19:45:10,32.702970,-117.234631
1362,19:45:10,32.702970,-117.234631
1363,19:45:10,32.702970,-117.234631
1364,19:45:10,32.702970,-117.234631
1365,19:45:10,32.702970,-117.234631
1366,19:45:10,32.702970,-117.234631
1367,19:45:10,32.702970,-117.234631
1368,19:45:10,32.702970,-117.234631
1369,19:45:10,32.702970,-117.234631
1370,19:45:10,32.702970,-117.234631
1371,19:45:10,32.702970,-117.234631
1372,19:45:10,32.702970,-117.234631
1373,19:45:10,32.702970,-117.234631
1374,19:45:10,32.702970,-117.234631
1375,19:45:10,32.702970,-117.234631
1376,19:45:10,32.702970,-117.234631
1377,19:45:10,32.702970,-117.234631
1378,19:45:10,32.702970,-117.234631
1379,19:45:10,32.702970,-117.234631
1380,19:45:10,32.702970,-117.234631
1381,19:45:10,32.702970,-117.234631
1382,19:45:10,32.702970,-117.234631
1383,19:45:10,32.702970,-117.234631
1384,19:45:10,32.702970,-117.234631
1385,19:45:10,32.702970,-117.234631
1386,19:45:10,32.702970,-117.234631
1387,19:45:10,32.702970,-117.234631
1388,19:45:10,32.702970,-117.234631
1389,19:45:10,32.702970,-117.234631
1390,19:45:10,32.702970,-117.234631
1391,19:45:10,32.702970,-117.234631
1392,19:45:10,32.702970,-117.234631
1393,19:45:10,32.702970,-117.234631
1394,19:45:10,32.702970,-117.234631
1395,19:45:10,32.702970,-117.234631
1396,19:45:10,32.702970,-117.234631
1397,19:45:10,32.702970,-117.234631
1398,19:45:10,32.702970,-117.234631
1399,19:45:10,32.702970,-117.234631
1400,19:45:10,32.702970,-117.234631
1401,19:45:10,32.702970,-117.234631
1402,19:45:10,32.702970,-117.234631
1403,19:45:10,32.702970,-117.234631
1404,19:45:10,32.702970,-117.234631
1405,19:45:10,32.702970,-117.234631
1406,19:45:10,32.702970,-117.234631
1407,19:45:10,32.702970,-117.234631
1408,19:45:15,32.702970,-117.234631
1409,19:45:15,32.702970,-117.234631
1410,19:45:15,32.702970,-117.234631
1411,19:45:15,32.702970,-117.234631
1412,19:45:15,32.702970,-117.234631
1413,19:45:15,32.702970,-117.234631
1414,19:45:15,32.702970,-117.234631
1415,19:45:15,32.702970,-117.234631
1416,19:45:15,32.702970,-117.234631
1417,19:45:15,32.702970,-117.234631
1418,19:45:15,32.702970,-117.234631
1419,19:45:15,32.702970,-117.234631
1420,19:45:15,32.702970,-117.234631
1421,19:45:15,32.702970,-117.234631
1422,19:45:15,32.702970,-117.234631
1423,19:45:15,32.702970,-117.234631
1424,19:45:15,32.702970,-117.234631
1425,19:45:15,32.702970,-117.234631
1426,19:45:15,32.702970,-117.234631
1427,19:45:15,32.702970,-117.234631
1428,19:45:15,32.702970,-117.234631
1429,19:45:15,32.702970,-117.234631
1430,19:45:15,32.702970,-117.234631
1431,19:45:15,32.702970,-117.234631
1432,19:45:15,32.702970,-117.234631
1433,19:45:15,32.702970,-117.234631
1434,19:45:15,32.702970,-117.234631
1435,19:45:15,32.702970,-117.234631
1436,19:45:15,32.702970,-117.234631
1437,19:45:15,32.702970,-117.234631
1438,19:45:15,32.702970,-117.234631
1439,19:45:15,32.702970,-117.234631
1440,19:45:15,32.702970,-117.234631
1441,19:45:15,32.702970,-117.234631
1442,19:45:15,32.702970,-117.234631
1443,19:45:15,32.702970,-117.234631
1444,19:45:15,32.702970,-117.234631
1445,19:45:15,32.702970,-117.234631
1446,19:45:15,32.702970,-117.234631
1447,19:45:15,32.702970,-117.234631
1448,19:45:15,32.702970,-117.234631
1449,19:45:15,32.702970,-117.234631
1450,19:45:15,32.702970,-117.234631
1451,19:45:15,32.702970,-117.234631
1452,19:45:15,32.702970,-117.234631
1453,19:45:15,32.702970,-117.234631
1454,19:45:15,32.702970,-117.234631
1455,19:45:15,32.702970,-117.234631
1456,19:45:15,32.702970,-117.234631
1457,19:45:15,32.702970,-117.234631
1458,19:45:15,32.702970,-117.234631
1459,19:45:15,32.702970,-117.234631
1460,19:45:15,32.702970,-117.234631
1461,19:45:15,32.702970,-117.234631
1462,19:45:15,32.702970,-117.234631
1463,19:45:15,32.702970,-117.234631
1464,19:45:15,32.702970,-117.234631
1465,19:45:15,32.702970,-117.234631
1466,19:45:15,32.702970,-117.234631
1467,19:45:15,32.702970,-117.234631
1468,19:45:15,32.702970,-117.234631
1469,19:45:15,32.702970,-117.234631
1470,19:45:15,32.702970,-117.234631
1471,19:45:15,32.702970,-117.234631
1472,19:45:15,32.702970,-117.234631
1473,19:45:15,32.702970,-117.234631
1474,19:45:15,32.702970,-117.234631
1475,19:45:15,32.702970,-117.234631
1476,19:45:15,32.702970,-117.234631
1477,19:45:15,32.702970,-117.234631
1478,19:45:15,32.702970,-117.234631
1479,19:45:15,32.702970,-117.234631
1480,19:45:15,32.702970,-117.234631
1481,19:45:15,32.702970,-117.234631
1482,19:45:15,32.702970,-117.234631
1483,19:45:15,32.702970,-117.234631
1484,19:45:15,32.702970,-117.234631
1485,19:45:15,32.702970,-117.234631
1486,19:45:15,32.702970,-117.234631
1487,19:45:15,32.702970,-117.234631
1488,19:45:15,32.702970,-117.234631
1489,19:45:15,32.702970,-117.234631
1490,19:45:15,32.702970,-117.234631
1491,19:45:15,32.702970,-117.234631
1492,19:45:15,32.702970,-117.234631
1493,19:45:15,32.702970,-117.234631
1494,19:45:15,32.702970,-117.234631
1495,19:45:15,32.702970,-117.234631
1496,19:45:15,32.702970,-117.234631
1497,19:45:15,32.702970,-117.234631
1498,19:45:15,32.702970,-117.234631
1499,19:45:15,32.702970,-117.234631
1500,19:45:15,32.702970,-117.234631
1501,19:45:15,32.702970,-117.234631
1502,19:45:15,32.702970,-117.234631
1503,19:45:15,32.702970,-117.234631
1504,19:45:15,32.702970,-117.234631
1505,19:45:15,32.702970,-117.234631
1506,19:45:15,32.702970,-117.234631
1507,19:45:15,32.702970,-117.234631
1508,19:45:15,32.702970,-117.234631
1509,19:45:15,32.702970,-117.234631
1510,19:45:15,32.702970,-117.234631
1511,19:45:15,32.702970,-117.234631
1512,19:45:20,32.702970,-117.234631
1513,19:45:20,32.702970,-117.234631
1514,19:45:20,32.702970,-117.234631
1515,19:45:20,32.702970,-117.234631
1516,19:45:20,32.702970,-117.234631
1517,19:45:20,32.702970,-117.234631
1518,19:45:20,32.702970,-117.234631
1519,19:45:20,32.702970,-117.234631
1520,19:45:20,32.702970,-117.234631
1521,19:45:20,32.702970,-117.234631
1522,19:45:20,32.702970,-117.234631
1523,19:45:20,32.702970,-117.234631
1524,19:45:20,32.702970,-117.234631
1525,19:45:20,32.702970,-117.234631
1526,19:45:20,32.702970,-117.234631
1527,19:45:20,32.702970,-117.234631
1528,19:45:20,32.702970,-117.234631
1529,19:45:20,32.702970,-117.234631
1530,19:45:20,32.702970,-117.234631
1531,19:45:20,32.702970,-117.234631
1532,19:45:20,32.702970,-117.234631
1533,19:45:20,32.702970,-117.234631
1534,19:45:20,32.702970,-117.234631
1535,19:45:20,32.702970,-117.234631
1536,19:45:20,32.702970,-117.234631
1537,19:45:20,32.702970,-117.234631
1538,19:45:20,32.702970,-117.234631
1539,19:45:20,32.702970,-117.234631
1540,19:45:20,32.702970,-117.234631
1541,19:45:20,32.702970,-117.234631
1542,19:45:20,32.702970,-117.234631
1543,19:45:20,32.702970,-117.234631
1544,19:45:20,32.702970,-117.234631
1545,19:45:20,32.702970,-117.234631
1546,19:45:20,32.702970,-117.234631
1547,19:45:20,32.702970,-117.234631
1548,19:45:20,32.702970,-117.234631
1549,19:45:20,32.702970,-117.234631
1550,19:45:20,32.702970,-117.234631
1551,19:45:20,32.702970,-117.234631
1552,19:45:20,32.702970,-117.234631
1553,19:45:20,32.702970,-117.234631
1554,19:45:20,32.702970,-117.234631
1555,19:45:20,32.702970,-117.234631
1556,19:45:20,32.702970,-117.234631
1557,19:45:20,32.702970,-117.234631
1558,19:45:20,32.702970,-117.234631
1559,19:45:20,32.702970,-117.234631
1560,19:45:20,32.702970,-117.234631
1561,19:45:20,32.702970,-117.234631
1562,19:45:20,32.702970,-117.234631
1563,19:45:20,32.702970,-117.234631
1564,19:45:20,32.702970,-117.234631
1565,19:45:20,32.702970,-117.234631
1566,19:45:20,32.702970,-117.234631
1567,19:45:20,32.702970,-117.234631
1568,19:45:20,32.702970,-117.234631
1569,19:45:20,32.702970,-117.234631
1570,19:45:20,32.702970,-117.234631
1571,19:45:20,32.702970,-117.234631
1572,19:45:20,32.702970,-117.234631
1573,19:45:20,32.702970,-117.234631
1574,19:45:20,32.702970,-117.234631
1575,19:45:20,32.702970,-117.234631
1576,19:45:20,32.702970,-117.234631
1577,19:45:20,32.702970,-117.234631
1578,19:45:20,32.702970,-117.234631
1579,19:45:20,32.702970,-117.234631
1580,19:45:20,32.702970,-117.234631
1581,19:45:20,32.702970,-117.234631
1582,19:45:20,32.702970,-117.234631
1583,19:45:20,32.702970,-117.234631
1584,19:45:20,32.702970,-117.234631
1585,19:45:20,32.702970,-117.234631
1586,19:45:20,32.702970,-117.234631
1587,19:45:20,32.702970,-117.234631
1588,19:45:20,32.702970,-117.234631
1589,19:45:20,32.702970,-117.234631
1590,19:45:20,32.702970,-117.234631
1591,19:45:20,32.702970,-117.234631
1592,19:45:20,32.702970,-117.234631
1593,19:45:20,32.702970,-117.234631
1594,19:45:20,32.702970,-117.234631
1595,19:45:20,32.702970,-117.234631
1596,19:45:20,32.702970,-117.234631
1597,19:45:20,32.702970,-117.234631
1598,19:45:20,32.702970,-117.234631
1599,19:45:20,32.702970,-117.234631
1600,19:45:20,32.702970,-117.234631
1601,19:45:20,32.702970,-117.234631
1602,19:45:20,32.702970,-117.234631
1603,19:45:20,32.702970,-117.234631
1604,19:45:20,32.702970,-117.234631
1605,19:45:20,32.702970,-117.234631
1606,19:45:20,32.702970,-117.234631
1607,19:45:20,32.702970,-117.234631
1608,19:45:20,32.702970,-117.234631
1609,19:45:20,32.702970,-117.234631
1610,19:45:20,32.702970,-117.234631
1611,19:45:20,32.702970,-117.234631
1612,19:45:20,32.702970,-117.234631
1613,19:45:20,32.702970,-117.234631
1614,19:45:20,32.702970,-117.234631
1615,19:45:20,32.702970,-117.234631
1616,19:45:20,32.702970,-117.234631
1617,19:45:20,32.702970,-117.234631
1618,19:45:25,32.702970,-117.234631
1619,19:45:25,32.702970,-117.234631
1620,19:45:25,32.702970,-117.234631
1621,19:45:25,32.702970,-117.234631
1622,19:45:25,32.702970,-117.234631
1623,19:45:25,32.702970,-117.234631
1624,19:45:25,32.702970,-117.234631
1625,19:45:25,32.702970,-117.234631
1626,19:45:25,32.702970,-117.234631
1627,19:45:25,32.702970,-117.234631
1628,19:45:25,32.702970,-117.234631
1629,19:45:25,32.702970,-117.234631
1630,19:45:25,32.702970,-117.234631
1631,19:45:25,32.702970,-117.234631
1632,19:45:25,32.702970,-117.234631
1633,19:45:25,32.702970,-117.234631
1634,19:45:25,32.702970,-117.234631
1635,19:45:25,32.702970,-117.234631
1636,19:45:25,32.702970,-117.234631
1637,19:45:25,32.702970,-117.234631
1638,19:45:25,32.702970,-117.234631
1639,19:45:25,32.702970,-117.234631
1640,19:45:25,32.702970,-117.234631
1641,19:45:25,32.702970,-117.234631
1642,19:45:25,32.702970,-117.234631
1643,19:45:25,32.702970,-117.234631
1644,19:45:25,32.702970,-117.234631
1645,19:45:25,32.702970,-117.234631
1646,19:45:25,32.702970,-117.234631
1647,19:45:25,32.702970,-117.234631
1648,19:45:25,32.702970,-117.234631
1649,19:45:25,32.702970,-117.234631
1650,19:45:25,32.702970,-117.234631
1651,19:45:25,32.702970,-117.234631
1652,19:45:25,32.702970,-117.234631
1653,19:45:25,32.702970,-117.234631
1654,19:45:25,32.702970,-117.234631
1655,19:45:25,32.702970,-117.234631
1656,19:45:25,32.702970,-117.234631
1657,19:45:25,32.702970,-117.234631
1658,19:45:25,32.702970,-117.234631
1659,19:45:25,32.702970,-117.234631
1660,19:45:25,32.702970,-117.234631
1661,19:45:25,32.702970,-117.234631
1662,19:45:25,32.702970,-117.234631
1663,19:45:25,32.702970,-117.234631
1664,19:45:25,32.702970,-117.234631
1665,19:45:25,32.702970,-117.234631
1666,19:45:25,32.702970,-117.234631
1667,19:45:25,32.702970,-117.234631
1668,19:45:25,32.702970,-117.234631
1669,19:45:25,32.702970,-117.234631
1670,19:45:25,32.702970,-117.234631
1671,19:45:25,32.702970,-117.234631
1672,19:45:25,32.702970,-117.234631
1673,19:45:25,32.702970,-117.234631
1674,19:45:25,32.702970,-117.234631
1675,19:45:25,32.702970,-117.234631
1676,19:45:25,32.702970,-117.234631
1677,19:45:25,32.702970,-117.234631
1678,19:45:25,32.702970,-117.234631
1679,19:45:25,32.702970,-117.234631
1680,19:45:25,32.702970,-117.234631
1681,19:45:25,32.702970,-117.234631
1682,19:45:25,32.702970,-117.234631
1683,19:45:25,32.702970,-117.234631
1684,19:45:25,32.702970,-117.234631
1685,19:45:25,32.702970,-117.234631
1686,19:45:25,32.702970,-117.234631
1687,19:45:25,32.702970,-117.234631
1688,19:45:25,32.702970,-117.234631
1689,19:45:25,32.702970,-117.234631
1690,19:45:25,32.702970,-117.234631
1691,19:45:25,32.702970,-117.234631
1692,19:45:25,32.702970,-117.234631
1693,19:45:25,32.702970,-117.234631
1694,19:45:25,32.702970,-117.234631
1695,19:45:25,32.702970,-117.234631
1696,19:45:25,32.702970,-117.234631
1697,19:45:25,32.702970,-117.234631
1698,19:45:25,32.702970,-117.234631
1699,19:45:25,32.702970,-117.234631
1700,19:45:25,32.702970,-117.234631
1701,19:45:25,32.702970,-117.234631
1702,19:45:25,32.702970,-117.234631
1703,19:45:25,32.702970,-117.234631
1704,19:45:25,32.702970,-117.234631
1705,19:45:25,32.702970,-117.234631
1706,19:45:25,32.702970,-117.234631
1707,19:45:25,32.702970,-117.234631
1708,19:45:25,32.702970,-117.234631
1709,19:45:25,32.702970,-117.234631
1710,19:45:25,32.702970,-117.234631
1711,19:45:25,32.702970,-117.234631
1712,19:45:25,32.702970,-117.234631
1713,19:45:25,32.702970,-117.234631
1714,19:45:25,32.702970,-117.234631
1715,19:45:25,32.702970,-117.234631
1716,19:45:25,32.702970,-117.234631
1717,19:45:25,32.702970,-117.234631
1718,19:45:25,32.702970,-117.234631
1719,19:45:25,32.702970,-117.234631
1720,19:45:25,32.702970,-117.234631
1721,19:45:25,32.702970,-117.234631
1722,19:45:25,32.702970,-117.234631
1723,19:45:25,32.702970,-117.234631
1724,19:45:30,32.702970,-117.234631
1725,19:45:30,32.702970,-117.234631
1726,19:45:30,32.702970,-117.234631
1727,19:45:30,32.702970,-117.234631
1728,19:45:30,32.702970,-117.234631
1729,19:45:30,32.702970,-117.234631
1730,19:45:30,32.702970,-117.234631
1731,19:45:30,32.702970,-117.234631
1732,19:45:30,32.702970,-117.234631
1733,19:45:30,32.702970,-117.234631
1734,19:45:30,32.702970,-117.234631
1735,19:45:30,32.702970,-117.234631
1736,19:45:30,32.702970,-117.234631
1737,19:45:30,32.702970,-117.234631
1738,19:45:30,32.702970,-117.234631
1739,19:45:30,32.702970,-117.234631
1740,19:45:30,32.702970,-117.234631
1741,19:45:30,32.702970,-117.234631
1742,19:45:30,32.702970,-117.234631
1743,19:45:30,32.702970,-117.234631
1744,19:45:30,32.702970,-117.234631
1745,19:45:30,32.702970,-117.234631
1746,19:45:30,32.702970,-117.234631
1747,19:45:30,32.702970,-117.234631
1748,19:45:30,32.702970,-117.234631
1749,19:45:30,32.702970,-117.234631
1750,19:45:30,32.702970,-117.234631
1751,19:45:30,32.702970,-117.234631
1752,19:45:30,32.702970,-117.234631
1753,19:45:30,32.702970,-117.234631
1754,19:45:30,32.702970,-117.234631
1755,19:45:30,32.702970,-117.234631
1756,19:45:30,32.702970,-117.234631
1757,19:45:30,32.702970,-117.234631
1758,19:45:30,32.702970,-117.234631
1759,19:45:30,32.702970,-117.234631
1760,19:45:30,32.702970,-117.234631
1761,19:45:30,32.702970,-117.234631
1762,19:45:30,32.702970,-117.234631
1763,19:45:30,32.702970,-117.234631
1764,19:45:30,32.702970,-117.234631
1765,19:45:30,32.702970,-117.234631
1766,19:45:30,32.702970,-117.234631
1767,19:45:30,32.702970,-117.234631
1768,19:45:30,32.702970,-117.234631
1769,19:45:30,32.702970,-117.234631
1770,19:45:30,32.702970,-117.234631
1771,19:45:30,32.702970,-117.234631
1772,19:45:30,32.702970,-117.234631
1773,19:45:30,32.702970,-117.234631
1774,19:45:30,32.702970,-117.234631
1775,19:45:30,32.702970,-117.234631
1776,19:45:30,32.702970,-117.234631
1777,19:45:30,32.702970,-117.234631
1778,19:45:30,32.702970,-117.234631
1779,19:45:30,32.702970,-117.234631
1780,19:45:30,32.702970,-117.234631
1781,19:45:30,32.702970,-117.234631
1782,19:45:30,32.702970,-117.234631
1783,19:45:30,32.702970,-117.234631
1784,19:45:30,32.702970,-117.234631
1785,19:45:30,32.702970,-117.234631
1786,19:45:30,32.702970,-117.234631
1787,19:45:30,32.702970,-117.234631
1788,19:45:30,32.702970,-117.234631
1789,19:45:30,32.702970,-117.234631
1790,19:45:30,32.702970,-117.234631
1791,19:45:30,32.702970,-117.234631
1792,19:45:30,32.702970,-117.234631
1793,19:45:30,32.702970,-117.234631
1794,19:45:30,32.702970,-117.234631
1795,19:45:30,32.702970,-117.234631
1796,19:45:30,32.702970,-117.234631
1797,19:45:30,32.702970,-117.234631
1798,19:45:30,32.702970,-117.234631
1799,19:45:30,32.702970,-117.234631
1800,19:45:30,32.702970,-117.234631
1801,19:45:30,32.702970,-117.234631
1802,19:45:30,32.702970,-117.234631
1803,19:45:30,32.702970,-117.234631
1804,19:45:30,32.702970,-117.234631
1805,19:45:30,32.702970,-117.234631
1806,19:45:30,32.702970,-117.234631
1807,19:45:30,32.702970,-117.234631
1808,19:45:30,32.702970,-117.234631
1809,19:45:30,32.702970,-117.234631
1810,19:45:30,32.702970,-117.234631
1811,19:45:30,32.702970,-117.234631
1812,19:45:30,32.702970,-117.234631
1813,19:45:30,32.702970,-117.234631
1814,19:45:30,32.702970,-117.234631
1815,19:45:30,32.702970,-117.234631
1816,19:45:30,32.702970,-117.234631
1817,19:45:30,32.702970,-117.234631
1818,19:45:30,32.702970,-117.234631
1819,19:45:30,32.702970,-117.234631
1820,19:45:30,32.702970,-117.234631
1821,19:45:30,32.702970,-117.234631
1822,19:45:30,32.702970,-117.234631
1823,19:45:30,32.702970,-117.234631
1824,19:45:30,32.702970,-117.234631
1825,19:45:30,32.702970,-117.234631
1826,19:45:30,32.702970,-117.234631
1827,19:45:30,32.702970,-117.234631
1828,19:45:30,32.702970,-117.234631
1829,19:45:30,32.702970,-117.234631
1830,19:45:30,32.702970,-117.234631
1831,19:45:30,32.702970,-117.234631
1832,19:45:30,32.702970,-117.234631
1833,19:45:30,32.702970,-117.234631
1834,19:45:30,32.702970,-117.234631
1835,19:45:30,32.702970,-117.234631
1836,19:45:30,32.702970,-117.234631
1837,19:45:30,32.702970,-117.234631
1838,19:45:35,32.702970,-117.234631
1839,19:45:35,32.702970,-117.234631
1840,19:45:35,32.702970,-117.234631
1841,19:45:35,32.702970,-117.234631
1842,19:45:35,32.702970,-117.234631
1843,19:45:35,32.702970,-117.234631
1844,19:45:35,32.702970,-117.234631
1845,19:45:35,32.702970,-117.234631
1846,19:45:35,32.702970,-117.234631
1847,19:45:35,32.702970,-117.234631
1848,19:45:35,32.702970,-117.234631
1849,19:45:35,32.702970,-117.234631
1850,19:45:35,32.702970,-117.234631
1851,19:45:35,32.702970,-117.234631
1852,19:45:35,32.702970,-117.234631
1853,19:45:35,32.702970,-117.234631
1854,19:45:35,32.702970,-117.234631
1855,19:45:35,32.702970,-117.234631
1856,19:45:35,32.702970,-117.234631
1857,19:45:35,32.702970,-117.234631
1858,19:45:35,32.702970,-117.234631
1859,19:45:35,32.702970,-117.234631
1860,19:45:35,32.702970,-117.234631
1861,19:45:35,32.702970,-117.234631
1862,19:45:35,32.702970,-117.234631
1863,19:45:35,32.702970,-117.234631
1864,19:45:35,32.702970,-117.234631
1865,19:45:35,32.702970,-117.234631
1866,19:45:35,32.702970,-117.234631
1867,19:45:35,32.702970,-117.234631
1868,19:45:35,32.702970,-117.234631
1869,19:45:35,32.702970,-117.234631
1870,19:45:35,32.702970,-117.234631
1871,19:45:35,32.702970,-117.234631
1872,19:45:35,32.702970,-117.234631
1873,19:45:35,32.702970,-117.234631
1874,19:45:35,32.702970,-117.234631
1875,19:45:35,32.702970,-117.234631
1876,19:45:35,32.702970,-117.234631
1877,19:45:35,32.702970,-117.234631
1878,19:45:35,32.702970,-117.234631
1879,19:45:35,32.702970,-117.234631
1880,19:45:35,32.702970,-117.234631
1881,19:45:35,32.702970,-117.234631
1882,19:45:35,32.702970,-117.234631
1883,19:45:35,32.702970,-117.234631
1884,19:45:35,32.702970,-117.234631
1885,19:45:35,32.702970,-117.234631
1886,19:45:35,32.702970,-117.234631
1887,19:45:35,32.702970,-117.234631
1888,19:45:35,32.702970,-117.234631
1889,19:45:35,32.702970,-117.234631
1890,19:45:35,32.702970,-117.234631
1891,19:45:35,32.702970,-117.234631
1892,19:45:35,32.702970,-117.234631
1893,19:45:35,32.702970,-117.234631
1894,19:45:35,32.702970,-117.234631
1895,19:45:35,32.702970,-117.234631
1896,19:45:35,32.702970,-117.234631
1897,19:45:35,32.702970,-117.234631
1898,19:45:35,32.702970,-117.234631
1899,19:45:35,32.702970,-117.234631
1900,19:45:35,32.702970,-117.234631
1901,19:45:35,32.702970,-117.234631
1902,19:45:35,32.702970,-117.234631
1903,19:45:35,32.702970,-117.234631
1904,19:45:35,32.702970,-117.234631
1905,19:45:35,32.702970,-117.234631
1906,19:45:35,32.702970,-117.234631
1907,19:45:35,32.702970,-117.234631
1908,19:45:35,32.702970,-117.234631
1909,19:45:35,32.702970,-117.234631
1910,19:45:35,32.702970,-117.234631
1911,19:45:35,32.702970,-117.234631
1912,19:45:35,32.702970,-117.234631
1913,19:45:35,32.702970,-117.234631
1914,19:45:35,32.702970,-117.234631
1915,19:45:35,32.702970,-117.234631
1916,19:45:35,32.702970,-117.234631
1917,19:45:35,32.702970,-117.234631
1918,19:45:35,32.702970,-117.234631
1919,19:45:35,32.702970,-117.234631
1920,19:45:35,32.702970,-117.234631
1921,19:45:35,32.702970,-117.234631
1922,19:45:35,32.702970,-117.234631
1923,19:45:35,32.702970,-117.234631
1924,19:45:35,32.702970,-117.234631
1925,19:45:35,32.702970,-117.234631
1926,19:45:35,32.702970,-117.234631
1927,19:45:35,32.702970,-117.234631
1928,19:45:35,32.702970,-117.234631
1929,19:45:35,32.702970,-117.234631
1930,19:45:35,32.702970,-117.234631
1931,19:45:35,32.702970,-117.234631
1932,19:45:35,32.702970,-117.234631
1933,19:45:35,32.702970,-117.234631
1934,19:45:35,32.702970,-117.234631
1935,19:45:35,32.702970,-117.234631
1936,19:45:35,32.702970,-117.234631
1937,19:45:35,32.702970,-117.234631
1938,19:45:35,32.702970,-117.234631
1939,19:45:35,32.702970,-117.234631
1940,19:45:35,32.702970,-117.234631
1941,19:45:35,32.702970,-117.234631
1942,19:45:35,32.702970,-117.234631
1943,19:45:35,32.702970,-117.234631
1944,19:45:35,32.702970,-117.234631
1945,19:45:35,32.702970,-117.234631
1946,19:45:35,32.702970,-117.234631
1947,19:45:35,32.702970,-117.234631
1948,19:45:40,32.702970,-117.234631
1949,19:45:40,32.702970,-117.234631
1950,19:45:40,32.702970,-117.234631
1951,19:45:40,32.702970,-117.234631
1952,19:45:40,32.702970,-117.234631
1953,19:45:40,32.702970,-117.234631
1954,19:45:40,32.702970,-117.234631
1955,19:45:40,32.702970,-117.234631
1956,19:45:40,32.702970,-117.234631
1957,19:45:40,32.702970,-117.234631
1958,19:45:40,32.702970,-117.234631
1959,19:45:40,32.702970,-117.234631
1960,19:45:40,32.702970,-117.234631
1961,19:45:40,32.702970,-117.234631
1962,19:45:40,32.702970,-117.234631
1963,19:45:40,32.702970,-117.234631
1964,19:45:40,32.702970,-117.234631
1965,19:45:40,32.702970,-117.234631
1966,19:45:40,32.702970,-117.234631
1967,19:45:40,32.702970,-117.234631
1968,19:45:40,32.702970,-117.234631
1969,19:45:40,32.702970,-117.234631
1970,19:45:40,32.702970,-117.234631
1971,19:45:40,32.702970,-117.234631
1972,19:45:40,32.702970,-117.234631
1973,19:45:40,32.702970,-117.234631
1974,19:45:40,32.702970,-117.234631
1975,19:45:40,32.702970,-117.234631
1976,19:45:40,32.702970,-117.234631
1977,19:45:40,32.702970,-117.234631
1978,19:45:40,32.702970,-117.234631
1979,19:45:40,32.702970,-117.234631
1980,19:45:40,32.702970,-117.234631
1981,19:45:40,32.702970,-117.234631
1982,19:45:40,32.702970,-117.234631
1983,19:45:40,32.702970,-117.234631
1984,19:45:40,32.702970,-117.234631
1985,19:45:40,32.702970,-117.234631
1986,19:45:40,32.702970,-117.234631
1987,19:45:40,32.702970,-117.234631
1988,19:45:40,32.702970,-117.234631
1989,19:45:40,32.702970,-117.234631
1990,19:45:40,32.702970,-117.234631
1991,19:45:40,32.702970,-117.234631
1992,19:45:40,32.702970,-117.234631
1993,19:45:40,32.702970,-117.234631
1994,19:45:40,32.702970,-117.234631
1995,19:45:40,32.702970,-117.234631
1996,19:45:40,32.702970,-117.234631
1997,19:45:40,32.702970,-117.234631
1998,19:45:40,32.702970,-117.234631
1999,19:45:40,32.702970,-117.234631
2000,19:45:40,32.702970,-117.234631
2001,19:45:40,32.702970,-117.234631
2002,19:45:40,32.702970,-117.234631
2003,19:45:40,32.702970,-117.234631
2004,19:45:40,32.702970,-117.234631
2005,19:45:40,32.702970,-117.234631
2006,19:45:40,32.702970,-117.234631
2007,19:45:40,32.702970,-117.234631
2008,19:45:40,32.702970,-117.234631
2009,19:45:40,32.702970,-117.234631
2010,19:45:40,32.702970,-117.234631
2011,19:45:40,32.702970,-117.234631
2012,19:45:40,32.702970,-117.234631
2013,19:45:40,32.702970,-117.234631
2014,19:45:40,32.702970,-117.234631
2015,19:45:40,32.702970,-117.234631
2016,19:45:40,32.702970,-117.234631
2017,19:45:40,32.702970,-117.234631
2018,19:45:40,32.702970,-117.234631
2019,19:45:40,32.702970,-117.234631
2020,19:45:40,32.702970,-117.234631
2021,19:45:40,32.702970,-117.234631
2022,19:45:40,32.702970,-117.234631
2023,19:45:40,32.702970,-117.234631
2024,19:45:40,32.702970,-117.234631
2025,19:45:40,32.702970,-117.234631
2026,19:45:40,32.702970,-117.234631
2027,19:45:40,32.702970,-117.234631
2028,19:45:40,32.702970,-117.234631
2029,19:45:40,32.702970,-117.234631
2030,19:45:40,32.702970,-117.234631
2031,19:45:40,32.702970,-117.234631
2032,19:45:40,32.702970,-117.234631
2033,19:45:40,32.702970,-117.234631
2034,19:45:40,32.702970,-117.234631
2035,19:45:40,32.702970,-117.234631
2036,19:45:40,32.702970,-117.234631
2037,19:45:40,32.702970,-117.234631
2038,19:45:40,32.702970,-117.234631
2039,19:45:40,32.702970,-117.234631
2040,19:45:40,32.702970,-117.234631
2041,19:45:40,32.702970,-117.234631
2042,19:45:40,32.702970,-117.234631
2043,19:45:40,32.702970,-117.234631
2044,19:45:40,32.702970,-117.234631
2045,19:45:40,32.702970,-117.234631
2046,19:45:40,32.702970,-117.234631
2047,19:45:40,32.702970,-117.234631
2048,19:45:40,32.702970,-117.234631
2049,19:45:40,32.702970,-117.234631
2050,19:45:40,32.702970,-117.234631
2051,19:45:40,32.702970,-117.234631
2052,19:45:40,32.702970,-117.234631
2053,19:45:40,32.702970,-117.234631
2054,19:45:45,32.702970,-117.234631
2055,19:45:45,32.702970,-117.234631
2056,19:45:45,32.702970,-117.234631
2057,19:45:45,32.702970,-117.234631
2058,19:45:45,32.702970,-117.234631
2059,19:45:45,32.702970,-117.234631
2060,19:45:45,32.702970,-117.234631
2061,19:45:45,32.702970,-117.234631
2062,19:45:45,32.702970,-117.234631
2063,19:45:45,32.702970,-117.234631
2064,19:45:45,32.702970,-117.234631
2065,19:45:45,32.702970,-117.234631
2066,19:45:45,32.702970,-117.234631
2067,19:45:45,32.702970,-117.234631
2068,19:45:45,32.702970,-117.234631
2069,19:45:45,32.702970,-117.234631
2070,19:45:45,32.702970,-117.234631
2071,19:45:45,32.702970,-117.234631
2072,19:45:45,32.702970,-117.234631
2073,19:45:45,32.702970,-117.234631
2074,19:45:45,32.702970,-117.234631
2075,19:45:45,32.702970,-117.234631
2076,19:45:45,32.702970,-117.234631
2077,19:45:45,32.702970,-117.234631
2078,19:45:45,32.702970,-117.234631
2079,19:45:45,32.702970,-117.234631
2080,19:45:45,32.702970,-117.234631
2081,19:45:45,32.702970,-117.234631
2082,19:45:45,32.702970,-117.234631
2083,19:45:45,32.702970,-117.234631
2084,19:45:45,32.702970,-117.234631
2085,19:45:45,32.702970,-117.234631
2086,19:45:45,32.702970,-117.234631
2087,19:45:45,32.702970,-117.234631
2088,19:45:45,32.702970,-117.234631
2089,19:45:45,32.702970,-117.234631
2090,19:45:45,32.702970,-117.234631
2091,19:45:45,32.702970,-117.234631
2092,19:45:45,32.702970,-117.234631
2093,19:45:45,32.702970,-117.234631
2094,19:45:45,32.702970,-117.234631
2095,19:45:45,32.702970,-117.234631
2096,19:45:45,32.702970,-117.234631
2097,19:45:45,32.702970,-117.234631
2098,19:45:45,32.702970,-117.234631
2099,19:45:45,32.702970,-117.234631
2100,19:45:45,32.702970,-117.234631
2101,19:45:45,32.702970,-117.234631
2102,19:45:45,32.702970,-117.234631
2103,19:45:45,32.702970,-117.234631
2104,19:45:45,32.702970,-117.234631
2105,19:45:45,32.702970,-117.234631
2106,19:45:45,32.702970,-117.234631
2107,19:45:45,32.702970,-117.234631
2108,19:45:45,32.702970,-117.234631
2109,19:45:45,32.702970,-117.234631
2110,19:45:45,32.702970,-117.234631
2111,19:45:45,32.702970,-117.234631
2112,19:45:45,32.702970,-117.234631
2113,19:45:45,32.702970,-117.234631
2114,19:45:45,32.702970,-117.234631
2115,19:45:45,32.702970,-117.234631
2116,19:45:45,32.702970,-117.234631
2117,19:45:45,32.702970,-117.234631
2118,19:45:45,32.702970,-117.234631
2119,19:45:45,32.702970,-117.234631
2120,19:45:45,32.702970,-117.234631
2121,19:45:45,32.702970,-117.234631
2122,19:45:45,32.702970,-117.234631
2123,19:45:45,32.702970,-117.234631
2124,19:45:45,32.702970,-117.234631
2125,19:45:45,32.702970,-117.234631
2126,19:45:45,32.702970,-117.234631
2127,19:45:45,32.702970,-117.234631
2128,19:45:45,32.702970,-117.234631
2129,19:45:45,32.702970,-117.234631
2130,19:45:45,32.702970,-117.234631
2131,19:45:45,32.702970,-117.234631
2132,19:45:45,32.702970,-117.234631
2133,19:45:45,32.702970,-117.234631
2134,19:45:45,32.702970,-117.234631
2135,19:45:45,32.702970,-117.234631
2136,19:45:45,32.702970,-117.234631
2137,19:45:45,32.702970,-117.234631
2138,19:45:45,32.702970,-117.234631
2139,19:45:45,32.702970,-117.234631
2140,19:45:45,32.702970,-117.234631
2141,19:45:45,32.702970,-117.234631
2142,19:45:45,32.702970,-117.234631
2143,19:45:45,32.702970,-117.234631
2144,19:45:45,32.702970,-117.234631
2145,19:45:45,32.702970,-117.234631
2146,19:45:45,32.702970,-117.234631
2147,19:45:45,32.702970,-117.234631
2148,19:45:45,32.702970,-117.234631
2149,19:45:45,32.702970,-117.234631
2150,19:45:45,32.702970,-117.234631
2151,19:45:45,32.702970,-117.234631
2152,19:45:45,32.702970,-117.234631
2153,19:45:45,32.702970,-117.234631
2154,19:45:45,32.702970,-117.234631
2155,19:45:45,32.702970,-117.234631
2156,19:45:45,32.702970,-117.234631
2157,19:45:45,32.702970,-117.234631
2158,19:45:45,32.702970,-117.234631
2159,19:45:45,32.702970,-117.234631
2160,19:45:45,32.702970,-117.234631
2161,19:45:50,32.702970,-117.234631
2162,19:45:50,32.702970,-117.234631
2163,19:45:50,32.702970,-117.234631
2164,19:45:50,32.702970,-117.234631
2165,19:45:50,32.702970,-117.234631
2166,19:45:50,32.702970,-117.234631
2167,19:45:50,32.702970,-117.234631
2168,19:45:50,32.702970,-117.234631
2169,19:45:50,32.702970,-117.234631
2170,19:45:50,32.702970,-117.234631
2171,19:45:50,32.702970,-117.234631
2172,19:45:50,32.702970,-117.234631
2173,19:45:50,32.702970,-117.234631
2174,19:45:50,32.702970,-117.234631
2175,19:45:50,32.702970,-117.234631
2176,19:45:50,32.702970,-117.234631
2177,19:45:50,32.702970,-117.234631
2178,19:45:50,32.702970,-117.234631
2179,19:45:50,32.702970,-117.234631
2180,19:45:50,32.702970,-117.234631
2181,19:45:50,32.702970,-117.234631
2182,19:45:50,32.702970,-117.234631
2183,19:45:50,32.702970,-117.234631
2184,19:45:50,32.702970,-117.234631
2185,19:45:50,32.702970,-117.234631
2186,19:45:50,32.702970,-117.234631
2187,19:45:50,32.702970,-117.234631
2188,19:45:50,32.702970,-117.234631
2189,19:45:50,32.702970,-117.234631
2190,19:45:50,32.702970,-117.234631
2191,19:45:50,32.702970,-117.234631
2192,19:45:50,32.702970,-117.234631
2193,19:45:50,32.702970,-117.234631
2194,19:45:50,32.702970,-117.234631
2195,19:45:50,32.702970,-117.234631
2196,19:45:50,32.702970,-117.234631
2197,19:45:50,32.702970,-117.234631
2198,19:45:50,32.702970,-117.234631
2199,19:45:50,32.702970,-117.234631
2200,19:45:50,32.702970,-117.234631
2201,19:45:50,32.702970,-117.234631
2202,19:45:50,32.702970,-117.234631
2203,19:45:50,32.702970,-117.234631
2204,19:45:50,32.702970,-117.234631
2205,19:45:50,32.702970,-117.234631
2206,19:45:50,32.702970,-117.234631
2207,19:45:50,32.702970,-117.234631
2208,19:45:50,32.702970,-117.234631
2209,19:45:50,32.702970,-117.234631
2210,19:45:50,32.702970,-117.234631
2211,19:45:50,32.702970,-117.234631
2212,19:45:50,32.702970,-117.234631
2213,19:45:50,32.702970,-117.234631
2214,19:45:50,32.702970,-117.234631
2215,19:45:50,32.702970,-117.234631
2216,19:45:50,32.702970,-117.234631
2217,19:45:50,32.702970,-117.234631
2218,19:45:50,32.702970,-117.234631
2219,19:45:50,32.702970,-117.234631
2220,19:45:50,32.702970,-117.234631
2221,19:45:50,32.702970,-117.234631
2222,19:45:50,32.702970,-117.234631
2223,19:45:50,32.702970,-117.234631
2224,19:45:50,32.702970,-117.234631
2225,19:45:50,32.702970,-117.234631
2226,19:45:50,32.702970,-117.234631
2227,19:45:50,32.702970,-117.234631
2228,19:45:50,32.702970,-117.234631
2229,19:45:50,32.702970,-117.234631
2230,19:45:50,32.702970,-117.234631
2231,19:45:50,32.702970,-117.234631
2232,19:45:50,32.702970,-117.234631
2233,19:45:50,32.702970,-117.234631
2234,19:45:50,32.702970,-117.234631
2235,19:45:50,32.702970,-117.234631
2236,19:45:50,32.702970,-117.234631
2237,19:45:50,32.702970,-117.234631
2238,19:45:50,32.702970,-117.234631
2239,19:45:50,32.702970,-117.234631
2240,19:45:50,32.702970,-117.234631
2241,19:45:50,32.702970,-117.234631
2242,19:45:50,32.702970,-117.234631
2243,19:45:50,32.702970,-117.234631
2244,19:45:50,32.702970,-117.234631
2245,19:45:50,32.702970,-117.234631
2246,19:45:50,32.702970,-117.234631
2247,19:45:50,32.702970,-117.234631
2248,19:45:50,32.702970,-117.234631
2249,19:45:50,32.702970,-117.234631
2250,19:45:50,32.702970,-117.234631
2251,19:45:50,32.702970,-117.234631
2252,19:45:50,32.702970,-117.234631
2253,19:45:50,32.702970,-117.234631
2254,19:45:50,32.702970,-117.234631
2255,19:45:50,32.702970,-117.234631
2256,19:45:50,32.702970,-117.234631
2257,19:45:50,32.702970,-117.234631
2258,19:45:50,32.702970,-117.234631
2259,19:45:50,32.702970,-117.234631
2260,19:45:50,32.702970,-117.234631
2261,19:45:50,32.702970,-117.234631
2262,19:45:50,32.702970,-117.234631
2263,19:45:50,32.702970,-117.234631
2264,19:45:50,32.702970,-117.234631
2265,19:45:50,32.702970,-117.234631
2266,19:45:50,32.702970,-117.234631
2267,19:45:50,32.702970,-117.234631
2268,19:45:50,32.702970,-117.234631
2269,19:45:50,32.702970,-117.234631
2270,19:45:50,32.702970,-117.234631
2271,19:45:50,32.702970,-117.234631
2272,19:45:50,32.702970,-117.234631
2273,19:45:50,32.702970,-117.234631
2274,19:45:50,32.702970,-117.234631
2275,19:45:50,32.702970,-117.234631
2276,19:45:50,32.702970,-117.234631
2277,19:45:50,32.702970,-117.234631
2278,19:45:50,32.702970,-117.234631
2279,19:45:50,32.702970,-117.234631
2280,19:45:50,32.702970,-117.234631
2281,19:45:50,32.702970,-117.234631
2282,19:45:50,32.702970,-117.234631
2283,19:45:50,32.702970,-117.234631
2284,19:45:50,32.702970,-117.234631
2285,19:45:50,32.702970,-117.234631
2286,19:45:50,32.702970,-117.234631
2287,19:45:50,32.702970,-117.234631
2288,19:45:50,32.702970,-117.234631
2289,19:45:55,32.702970,-117.234631
2290,19:45:55,32.702970,-117.234631
2291,19:45:55,32.702970,-117.234631
2292,19:45:55,32.702970,-117.234631
2293,19:45:55,32.702970,-117.234631
2294,19:45:55,32.702970,-117.234631
2295,19:45:55,32.702970,-117.234631
2296,19:45:55,32.702970,-117.234631
2297,19:45:55,32.702970,-117.234631
2298,19:45:55,32.702970,-117.234631
2299,19:45:55,32.702970,-117.234631
2300,19:45:55,32.702970,-117.234631
2301,19:45:55,32.702970,-117.234631
2302,19:45:55,32.702970,-117.234631
2303,19:45:55,32.702970,-117.234631
2304,19:45:55,32.702970,-117.234631
2305,19:45:55,32.702970,-117.234631
2306,19:45:55,32.702970,-117.234631
2307,19:45:55,32.702970,-117.234631
2308,19:45:55,32.702970,-117.234631
2309,19:45:55,32.702970,-117.234631
2310,19:45:55,32.702970,-117.234631
2311,19:45:55,32.702970,-117.234631
2312,19:45:55,32.702970,-117.234631
2313,19:45:55,32.702970,-117.234631
2314,19:45:55,32.702970,-117.234631
2315,19:45:55,32.702970,-117.234631
2316,19:45:55,32.702970,-117.234631
2317,19:45:55,32.702970,-117.234631
2318,19:45:55,32.702970,-117.234631
2319,19:45:55,32.702970,-117.234631
2320,19:45:55,32.702970,-117.234631
2321,19:45:55,32.702970,-117.234631
2322,19:45:55,32.702970,-117.234631
2323,19:45:55,32.702970,-117.234631
2324,19:45:55,32.702970,-117.234631
2325,19:45:55,32.702970,-117.234631
2326,19:45:55,32.702970,-117.234631
2327,19:45:55,32.702970,-117.234631
2328,19:45:55,32.702970,-117.234631
2329,19:45:55,32.702970,-117.234631
2330,19:45:55,32.702970,-117.234631
2331,19:45:55,32.702970,-117.234631
2332,19:45:55,32.702970,-117.234631
2333,19:45:55,32.702970,-117.234631
2334,19:45:55,32.702970,-117.234631
2335,19:45:55,32.702970,-117.234631
2336,19:45:55,32.702970,-117.234631
2337,19:45:55,32.702970,-117.234631
2338,19:45:55,32.702970,-117.234631
2339,19:45:55,32.702970,-117.234631
2340,19:45:55,32.702970,-117.234631
2341,19:45:55,32.702970,-117.234631
2342,19:45:55,32.702970,-117.234631
2343,19:45:55,32.702970,-117.234631
2344,19:45:55,32.702970,-117.234631
2345,19:45:55,32.702970,-117.234631
2346,19:45:55,32.702970,-117.234631
2347,19:45:55,32.702970,-117.234631
2348,19:45:55,32.702970,-117.234631
2349,19:45:55,32.702970,-117.234631
2350,19:45:55,32.702970,-117.234631
2351,19:45:55,32.702970,-117.234631
2352,19:45:55,32.702970,-117.234631
2353,19:45:55,32.702970,-117.234631
2354,19:45:55,32.702970,-117.234631
2355,19:45:55,32.702970,-117.234631
2356,19:45:55,32.702970,-117.234631
2357,19:45:55,32.702970,-117.234631
2358,19:45:55,32.702970,-117.234631
2359,19:45:55,32.702970,-117.234631
2360,19:45:55,32.702970,-117.234631
2361,19:45:55,32.702970,-117.234631
2362,19:45:55,32.702970,-117.234631
2363,19:45:55,32.702970,-117.234631
2364,19:45:55,32.702970,-117.234631
2365,19:45:55,32.702970,-117.234631
2366,19:45:55,32.702970,-117.234631
2367,19:45:55,32.702970,-117.234631
2368,19:45:55,32.702970,-117.234631
2369,19:45:55,32.702970,-117.234631
2370,19:45:55,32.702970,-117.234631
2371,19:45:55,32.702970,-117.234631
2372,19:45:55,32.702970,-117.234631
2373,19:45:55,32.702970,-117.234631
2374,19:45:55,32.702970,-117.234631
2375,19:45:55,32.702970,-117.234631
2376,19:45:55,32.702970,-117.234631
2377,19:45:55,32.702970,-117.234631
2378,19:45:55,32.702970,-117.234631
2379,19:45:55,32.702970,-117.234631
2380,19:45:55,32.702970,-117.234631
2381,19:45:55,32.702970,-117.234631
2382,19:45:55,32.702970,-117.234631
2383,19:45:55,32.702970,-117.234631
2384,19:45:55,32.702970,-117.234631
2385,19:45:55,32.702970,-117.234631
2386,19:45:55,32.702970,-117.234631
2387,19:45:55,32.702970,-117.234631
2388,19:45:55,32.702970,-117.234631
2389,19:45:55,32.702970,-117.234631
2390,19:45:55,32.702970,-117.234631
2391,19:45:55,32.702970,-117.234631
2392,19:45:55,32.702970,-117.234631
2393,19:45:55,32.702970,-117.234631
2394,19:45:55,32.702970,-117.234631
2395,19:45:55,32.702970,-117.234631
2396,19:45:55,32.702970,-117.234631
2397,19:45:55,32.702970,-117.234631
2398,19:45:55,32.702970,-117.234631
2399,19:45:55,32.702970,-117.234631
2400,19:45:55,32.702970,-117.234631
2401,19:45:55,32.702970,-117.234631
2402,19:45:55,32.702970,-117.234631
2403,19:45:55,32.702970,-117.234631
2404,19:45:55,32.702970,-117.234631
2405,19:45:55,32.702970,-117.234631
2406,19:45:55,32.702970,-117.234631
2407,19:45:55,32.702970,-117.234631
2408,19:45:55,32.702970,-117.234631
2409,19:45:55,32.702970,-117.234631
2410,19:45:55,32.702970,-117.234631
2411,19:45:55,32.702970,-117.234631
2412,19:45:55,32.702970,-117.234631
2413,19:45:55,32.702970,-117.234631
2414,19:45:55,32.702970,-117.234631
2415,19:45:55,32.702970,-117.234631
2416,19:45:55,32.702970,-117.234631
2417,19:45:55,32.702970,-117.234631
2418,19:45:55,32.702970,-117.234631
2419,19:45:55,32.702970,-117.234631
2420,19:45:55,32.702970,-117.234631
2421,19:46:00,32.702970,-117.234631
2422,19:46:00,32.702970,-117.234631
2423,19:46:00,32.702970,-117.234631
2424,19:46:00,32.702970,-117.234631
2425,19:46:00,32.702970,-117.234631
2426,19:46:00,32.702970,-117.234631
2427,19:46:00,32.702970,-117.234631
2428,19:46:00,32.702970,-117.234631
2429,19:46:00,32.702970,-117.234631
2430,19:46:00,32.702970,-117.234631
2431,19:46:00,32.702970,-117.234631
2432,19:46:00,32.702970,-117.234631
2433,19:46:00,32.702970,-117.234631
2434,19:46:00,32.702970,-117.234631
2435,19:46:00,32.702970,-117.234631
2436,19:46:00,32.702970,-117.234631
2437,19:46:00,32.702970,-117.234631
2438,19:46:00,32.702970,-117.234631
2439,19:46:00,32.702970,-117.234631
2440,19:46:00,32.702970,-117.234631
2441,19:46:00,32.702970,-117.234631
2442,19:46:00,32.702970,-117.234631
2443,19:46:00,32.702970,-117.234631
2444,19:46:00,32.702970,-117.234631
2445,19:46:00,32.702970,-117.234631
2446,19:46:00,32.702970,-117.234631
2447,19:46:00,32.702970,-117.234631
2448,19:46:00,32.702970,-117.234631
2449,19:46:00,32.702970,-117.234631
2450,19:46:00,32.702970,-117.234631
2451,19:46:00,32.702970,-117.234631
2452,19:46:00,32.702970,-117.234631
2453,19:46:00,32.702970,-117.234631
2454,19:46:00,32.702970,-117.234631
2455,19:46:00,32.702970,-117.234631
2456,19:46:00,32.702970,-117.234631
2457,19:46:00,32.702970,-117.234631
2458,19:46:00,32.702970,-117.234631
2459,19:46:00,32.702970,-117.234631
2460,19:46:00,32.702970,-117.234631
2461,19:46:00,32.702970,-117.234631
2462,19:46:00,32.702970,-117.234631
2463,19:46:00,32.702970,-117.234631
2464,19:46:00,32.702970,-117.234631
2465,19:46:00,32.702970,-117.234631
2466,19:46:00,32.702970,-117.234631
2467,19:46:00,32.702970,-117.234631
2468,19:46:00,32.702970,-117.234631
2469,19:46:00,32.702970,-117.234631
2470,19:46:00,32.702970,-117.234631
2471,19:46:00,32.702970,-117.234631
2472,19:46:00,32.702970,-117.234631
2473,19:46:00,32.702970,-117.234631
2474,19:46:00,32.702970,-117.234631
2475,19:46:00,32.702970,-117.234631
2476,19:46:00,32.702970,-117.234631
2477,19:46:00,32.702970,-117.234631
2478,19:46:00,32.702970,-117.234631
2479,19:46:00,32.702970,-117.234631
2480,19:46:00,32.702970,-117.234631
2481,19:46:00,32.702970,-117.234631
2482,19:46:00,32.702970,-117.234631
2483,19:46:00,32.702970,-117.234631
2484,19:46:00,32.702970,-117.234631
2485,19:46:00,32.702970,-117.234631
2486,19:46:00,32.702970,-117.234631
2487,19:46:00,32.702970,-117.234631
2488,19:46:00,32.702970,-117.234631
2489,19:46:00,32.702970,-117.234631
2490,19:46:00,32.702970,-117.234631
2491,19:46:00,32.702970,-117.234631
2492,19:46:00,32.702970,-117.234631
2493,19:46:00,32.702970,-117.234631
2494,19:46:00,32.702970,-117.234631
2495,19:46:00,32.702970,-117.234631
2496,19:46:00,32.702970,-117.234631
2497,19:46:00,32.702970,-117.234631
2498,19:46:00,32.702970,-117.234631
2499,19:46:00,32.702970,-117.234631
2500,19:46:00,32.702970,-117.234631
2501,19:46:00,32.702970,-117.234631
2502,19:46:00,32.702970,-117.234631
2503,19:46:00,32.702970,-117.234631
2504,19:46:00,32.702970,-117.234631
2505,19:46:00,32.702970,-117.234631
2506,19:46:00,32.702970,-117.234631
2507,19:46:00,32.702970,-117.234631
2508,19:46:00,32.702970,-117.234631
2509,19:46:00,32.702970,-117.234631
2510,19:46:00,32.702970,-117.234631
2511,19:46:00,32.702970,-117.234631
2512,19:46:00,32.702970,-117.234631
2513,19:46:00,32.702970,-117.234631
2514,19:46:00,32.702970,-117.234631
2515,19:46:00,32.702970,-117.234631
2516,19:46:00,32.702970,-117.234631
2517,19:46:00,32.702970,-117.234631
2518,19:46:00,32.702970,-117.234631
2519,19:46:00,32.702970,-117.234631
2520,19:46:00,32.702970,-117.234631
2521,19:46:00,32.702970,-117.234631
2522,19:46:00,32.702970,-117.234631
2523,19:46:00,32.702970,-117.234631
2524,19:46:00,32.702970,-117.234631
2525,19:46:00,32.702970,-117.234631
2526,19:46:00,32.702970,-117.234631
2527,19:46:00,32.702970,-117.234631
2528,19:46:00,32.702970,-117.234631
2529,19:46:00,32.702970,-117.234631
2530,19:46:00,32.702970,-117.234631
2531,19:46:00,32.702970,-117.234631
2532,19:46:00,32.702970,-117.234631
2533,19:46:00,32.702970,-117.234631
2534,19:46:00,32.702970,-117.234631
2535,19:46:00,32.702970,-117.234631
2536,19:46:00,32.702970,-117.234631
2537,19:46:00,32.702970,-117.234631
2538,19:46:00,32.702970,-117.234631
2539,19:46:00,32.702970,-117.234631
2540,19:46:00,32.702970,-117.234631
2541,19:46:00,32.702970,-117.234631
2542,19:46:00,32.702970,-117.234631
2543,19:46:00,32.702970,-117.234631
2544,19:46:00,32.702970,-117.234631
2545,19:46:00,32.702970,-117.234631
2546,19:46:00,32.702970,-117.234631
2547,19:46:00,32.702970,-117.234631
2548,19:46:00,32.702970,-117.234631
2549,19:46:00,32.702970,-117.234631
2550,19:46:00,32.702970,-117.234631
2551,19:46:00,32.702970,-117.234631
2552,19:46:05,32.702970,-117.234631
2553,19:46:05,32.702970,-117.234631
2554,19:46:05,32.702970,-117.234631
2555,19:46:05,32.702970,-117.234631
2556,19:46:05,32.702970,-117.234631
2557,19:46:05,32.702970,-117.234631
2558,19:46:05,32.702970,-117.234631
2559,19:46:05,32.702970,-117.234631
2560,19:46:05,32.702970,-117.234631
2561,19:46:05,32.702970,-117.234631
2562,19:46:05,32.702970,-117.234631
2563,19:46:05,32.702970,-117.234631
2564,19:46:05,32.702970,-117.234631
2565,19:46:05,32.702970,-117.234631
2566,19:46:05,32.702970,-117.234631
2567,19:46:05,32.702970,-117.234631
2568,19:46:05,32.702970,-117.234631
2569,19:46:05,32.702970,-117.234631
2570,19:46:05,32.702970,-117.234631
2571,19:46:05,32.702970,-117.234631
2572,19:46:05,32.702970,-117.234631
2573,19:46:05,32.702970,-117.234631
2574,19:46:05,32.702970,-117.234631
2575,19:46:05,32.702970,-117.234631
2576,19:46:05,32.702970,-117.234631
2577,19:46:05,32.702970,-117.234631
2578,19:46:05,32.702970,-117.234631
2579,19:46:05,32.702970,-117.234631
2580,19:46:05,32.702970,-117.234631
2581,19:46:05,32.702970,-117.234631
2582,19:46:05,32.702970,-117.234631
2583,19:46:05,32.702970,-117.234631
2584,19:46:05,32.702970,-117.234631
2585,19:46:05,32.702970,-117.234631
2586,19:46:05,32.702970,-117.234631
2587,19:46:05,32.702970,-117.234631
2588,19:46:05,32.702970,-117.234631
2589,19:46:05,32.702970,-117.234631
2590,19:46:05,32.702970,-117.234631
2591,19:46:05,32.702970,-117.234631
2592,19:46:05,32.702970,-117.234631
2593,19:46:05,32.702970,-117.234631
2594,19:46:05,32.702970,-117.234631
2595,19:46:05,32.702970,-117.234631
2596,19:46:05,32.702970,-117.234631
2597,19:46:05,32.702970,-117.234631
2598,19:46:05,32.702970,-117.234631
2599,19:46:05,32.702970,-117.234631
2600,19:46:05,32.702970,-117.234631
2601,19:46:05,32.702970,-117.234631
2602,19:46:05,32.702970,-117.234631
2603,19:46:05,32.702970,-117.234631
2604,19:46:05,32.702970,-117.234631
2605,19:46:05,32.702970,-117.234631
2606,19:46:05,32.702970,-117.234631
2607,19:46:05,32.702970,-117.234631
2608,19:46:05,32.702970,-117.234631
2609,19:46:05,32.702970,-117.234631
2610,19:46:05,32.702970,-117.234631
2611,19:46:05,32.702970,-117.234631
2612,19:46:05,32.702970,-117.234631
2613,19:46:05,32.702970,-117.234631
2614,19:46:05,32.702970,-117.234631
2615,19:46:05,32.702970,-117.234631
2616,19:46:05,32.702970,-117.234631
2617,19:46:05,32.702970,-117.234631
2618,19:46:05,32.702970,-117.234631
2619,19:46:05,32.702970,-117.234631
2620,19:46:05,32.702970,-117.234631
2621,19:46:05,32.702970,-117.234631
2622,19:46:05,32.702970,-117.234631
2623,19:46:05,32.702970,-117.234631
2624,19:46:05,32.702970,-117.234631
2625,19:46:05,32.702970,-117.234631
2626,19:46:05,32.702970,-117.234631
2627,19:46:05,32.702970,-117.234631
2628,19:46:05,32.702970,-117.234631
2629,19:46:05,32.702970,-117.234631
2630,19:46:05,32.702970,-117.234631
2631,19:46:05,32.702970,-117.234631
2632,19:46:05,32.702970,-117.234631
2633,19:46:05,32.702970,-117.234631
2634,19:46:05,32.702970,-117.234631
2635,19:46:05,32.702970,-117.234631
2636,19:46:05,32.702970,-117.234631
2637,19:46:05,32.702970,-117.234631
2638,19:46:05,32.702970,-117.234631
2639,19:46:05,32.702970,-117.234631
2640,19:46:05,32.702970,-117.234631
2641,19:46:05,32.702970,-117.234631
2642,19:46:05,32.702970,-117.234631
2643,19:46:05,32.702970,-117.234631
2644,19:46:05,32.702970,-117.234631
2645,19:46:05,32.702970,-117.234631
2646,19:46:05,32.702970,-117.234631
2647,19:46:05,32.702970,-117.234631
2648,19:46:05,32.702970,-117.234631
2649,19:46:05,32.702970,-117.234631
2650,19:46:05,32.702970,-117.234631
2651,19:46:05,32.702970,-117.234631
2652,19:46:05,32.702970,-117.234631
2653,19:46:05,32.702970,-117.234631
2654,19:46:05,32.702970,-117.234631
2655,19:46:05,32.702970,-117.234631
2656,19:46:05,32.702970,-117.234631
2657,19:46:05,32.702970,-117.234631
2658,19:46:05,32.702970,-117.234631
2659,19:46:05,32.702970,-117.234631
2660,19:46:05,32.702970,-117.234631
2661,19:46:05,32.702970,-117.234631
2662,19:46:05,32.702970,-117.234631
2663,19:46:05,32.702970,-117.234631
2664,19:46:05,32.702970,-117.234631
2665,19:46:05,32.702970,-117.234631
2666,19:46:05,32.702970,-117.234631
2667,19:46:05,32.702970,-117.234631
2668,19:46:05,32.702970,-117.234631
2669,19:46:05,32.702970,-117.234631
2670,19:46:05,32.702970,-117.234631
2671,19:46:05,32.702970,-117.234631
2672,19:46:05,32.702970,-117.234631
2673,19:46:05,32.702970,-117.234631
2674,19:46:10,32.702970,-117.234631
2675,19:46:10,32.702970,-117.234631
2676,19:46:10,32.702970,-117.234631
2677,19:46:10,32.702970,-117.234631
2678,19:46:10,32.702970,-117.234631
2679,19:46:10,32.702970,-117.234631
2680,19:46:10,32.702970,-117.234631
2681,19:46:10,32.702970,-117.234631
2682,19:46:10,32.702970,-117.234631
2683,19:46:10,32.702970,-117.234631
2684,19:46:10,32.702970,-117.234631
2685,19:46:10,32.702970,-117.234631
2686,19:46:10,32.702970,-117.234631
2687,19:46:10,32.702970,-117.234631
2688,19:46:10,32.702970,-117.234631
2689,19:46:10,32.702970,-117.234631
2690,19:46:10,32.702970,-117.234631
2691,19:46:10,32.702970,-117.234631
2692,19:46:10,32.702970,-117.234631
2693,19:46:10,32.702970,-117.234631
2694,19:46:10,32.702970,-117.234631
2695,19:46:10,32.702970,-117.234631
2696,19:46:10,32.702970,-117.234631
2697,19:46:10,32.702970,-117.234631
2698,19:46:10,32.702970,-117.234631
2699,19:46:10,32.702970,-117.234631
2700,19:46:10,32.702970,-117.234631
2701,19:46:10,32.702970,-117.234631
2702,19:46:10,32.702970,-117.234631
2703,19:46:10,32.702970,-117.234631
2704,19:46:10,32.702970,-117.234631
2705,19:46:10,32.702970,-117.234631
2706,19:46:10,32.702970,-117.234631
2707,19:46:10,32.702970,-117.234631
2708,19:46:10,32.702970,-117.234631
2709,19:46:10,32.702970,-117.234631
2710,19:46:10,32.702970,-117.234631
2711,19:46:10,32.702970,-117.234631
2712,19:46:10,32.702970,-117.234631
2713,19:46:10,32.702970,-117.234631
2714,19:46:10,32.702970,-117.234631
2715,19:46:10,32.702970,-117.234631
2716,19:46:10,32.702970,-117.234631
2717,19:46:10,32.702970,-117.234631
2718,19:46:10,32.702970,-117.234631
2719,19:46:10,32.702970,-117.234631
2720,19:46:10,32.702970,-117.234631
2721,19:46:10,32.702970,-117.234631
2722,19:46:10,32.702970,-117.234631
2723,19:46:10,32.702970,-117.234631
2724,19:46:10,32.702970,-117.234631
2725,19:46:10,32.702970,-117.234631
2726,19:46:10,32.702970,-117.234631
2727,19:46:10,32.702970,-117.234631
2728,19:46:10,32.702970,-117.234631
2729,19:46:10,32.702970,-117.234631
2730,19:46:10,32.702970,-117.234631
2731,19:46:10,32.702970,-117.234631
2732,19:46:10,32.702970,-117.234631
2733,19:46:10,32.702970,-117.234631
2734,19:46:10,32.702970,-117.234631
2735,19:46:10,32.702970,-117.234631
2736,19:46:10,32.702970,-117.234631
2737,19:46:10,32.702970,-117.234631
2738,19:46:10,32.702970,-117.234631
2739,19:46:10,32.702970,-117.234631
2740,19:46:10,32.702970,-117.234631
2741,19:46:10,32.702970,-117.234631
2742,19:46:10,32.702970,-117.234631
2743,19:46:10,32.702970,-117.234631
2744,19:46:10,32.702970,-117.234631
2745,19:46:10,32.702970,-117.234631
2746,19:46:10,32.702970,-117.234631
2747,19:46:10,32.702970,-117.234631
2748,19:46:10,32.702970,-117.234631
2749,19:46:10,32.702970,-117.234631
2750,19:46:10,32.702970,-117.234631
2751,19:46:10,32.702970,-117.234631
2752,19:46:10,32.702970,-117.234631
2753,19:46:10,32.702970,-117.234631
2754,19:46:10,32.702970,-117.234631
2755,19:46:10,32.702970,-117.234631
2756,19:46:10,32.702970,-117.234631
2757,19:46:10,32.702970,-117.234631
2758,19:46:10,32.702970,-117.234631
2759,19:46:10,32.702970,-117.234631
2760,19:46:10,32.702970,-117.234631
2761,19:46:10,32.702970,-117.234631
2762,19:46:10,32.702970,-117.234631
2763,19:46:10,32.702970,-117.234631
2764,19:46:10,32.702970,-117.234631
2765,19:46:10,32.702970,-117.234631
2766,19:46:10,32.702970,-117.234631
2767,19:46:10,32.702970,-117.234631
2768,19:46:10,32.702970,-117.234631
2769,19:46:10,32.702970,-117.234631
2770,19:46:10,32.702970,-117.234631
2771,19:46:10,32.702970,-117.234631
2772,19:46:10,32.702970,-117.234631
