0,705,430,34,11
0.05,704.38,430,34.044,11
0.1,703.76,430,34.089,11
0.15,703.13,430,34.133,11
0.2,702.51,430,34.178,11
0.25,701.89,430,34.222,11
0.3,701.27,430,34.267,11
0.35,700.64,430,34.311,11
0.4,700.02,430,34.356,11
0.45,699.4,430,34.4,11
0.5,698.78,430,34.444,11
0.55,698.16,430,34.489,11
0.6,697.53,430,34.533,11
0.65,696.91,430,34.578,11
0.7,696.29,430,34.622,11
0.75,695.67,430,34.667,11
0.8,695.04,430,34.711,11
0.85,694.42,430,34.756,11
0.9,693.8,430,34.8,11
0.95,693.18,430,34.844,11
1,692.56,430,34.889,11
1.05,691.93,430,34.933,11
1.1,691.31,430,34.978,11
1.15,690.69,430,35.022,11
1.2,690.07,430,35.067,11
1.25,689.44,430,35.111,11
1.3,688.82,430,35.156,11
1.35,688.2,430,35.2,11
1.4,687.58,430,35.244,11
1.45,686.96,430,35.289,11
1.5,686.33,430,35.333,11
1.55,685.71,430,35.378,11
1.6,685.09,430,35.422,11
1.65,684.47,430,35.467,11
1.7,683.84,430,35.511,11
1.75,683.22,430,35.556,11
1.8,682.6,430,35.6,11
1.85,681.98,430,35.644,11
1.9,681.36,430,35.689,11
1.95,680.73,430,35.733,11
2,680.11,430,35.778,11
2.05,679.49,430,35.822,11
2.1,678.87,430,35.867,11
2.15,678.24,430,35.911,11
2.2,677.62,430,35.956,11
2.25,677,430,36,11
2.3,676.47,429.99,35.978,11
2.35,675.93,429.98,35.956,11
2.4,675.4,429.97,35.933,11
2.45,674.87,429.96,35.911,11
2.5,674.33,429.94,35.889,11
2.55,673.8,429.93,35.867,11
2.6,673.27,429.92,35.844,11
2.65,672.73,429.91,35.822,11
2.7,672.2,429.9,35.8,11
2.75,671.67,429.89,35.778,11
2.8,671.13,429.88,35.756,11
2.85,670.6,429.87,35.733,11
2.9,670.07,429.86,35.711,11
2.95,669.53,429.84,35.689,11
3,669,429.83,35.667,11
3.05,668.47,429.82,35.644,11
3.1,667.93,429.81,35.622,11
3.15,667.4,429.8,35.6,11
3.2,666.87,429.79,35.578,11
3.25,666.33,429.78,35.556,11
3.3,665.8,429.77,35.533,11
3.35,665.27,429.76,35.511,11
3.4,664.73,429.74,35.489,11
3.45,664.2,429.73,35.467,11
3.5,663.67,429.72,35.444,11
3.55,663.13,429.71,35.422,11
3.6,662.6,429.7,35.4,11
3.65,662.07,429.69,35.378,11
3.7,661.53,429.68,35.356,11
3.75,661,429.67,35.333,11
3.8,660.47,429.66,35.311,11
3.85,659.93,429.64,35.289,11
3.9,659.4,429.63,35.267,11
3.95,658.87,429.62,35.244,11
4,658.33,429.61,35.222,11
4.05,657.8,429.6,35.2,11
4.1,657.27,429.59,35.178,11
4.15,656.73,429.58,35.156,11
4.2,656.2,429.57,35.133,11
4.25,655.67,429.56,35.111,11
4.3,655.13,429.54,35.089,11
4.35,654.6,429.53,35.067,11
4.4,654.07,429.52,35.044,11
4.45,653.53,429.51,35.022,11
4.5,653,429.5,35,11
4.55,652.47,429.49,34.978,11
4.6,651.93,429.48,34.956,11
4.65,651.4,429.47,34.933,11
4.7,650.87,429.46,34.911,11
4.75,650.33,429.44,34.889,11
4.8,649.8,429.43,34.867,11
4.85,649.27,429.42,34.844,11
4.9,648.73,429.41,34.822,11
4.95,648.2,429.4,34.8,11
5,647.67,429.39,34.778,11
5.05,647.13,429.38,34.756,11
5.1,646.6,429.37,34.733,11
5.15,646.07,429.36,34.711,11
5.2,645.53,429.34,34.689,11
5.25,645,429.33,34.667,11
5.3,644.47,429.32,34.644,11
5.35,643.93,429.31,34.622,11
5.4,643.4,429.3,34.6,11
5.45,642.87,429.29,34.578,11
5.5,642.33,429.28,34.556,11
5.55,641.8,429.27,34.533,11
5.6,641.27,429.26,34.511,11
5.65,640.73,429.24,34.489,11
5.7,640.2,429.23,34.467,11
5.75,639.67,429.22,34.444,11
5.8,639.13,429.21,34.422,11
5.85,638.6,429.2,34.4,11
5.9,638.07,429.19,34.378,11
5.95,637.53,429.18,34.356,11
6,637,429.17,34.333,11
6.05,636.47,429.16,34.311,11
6.1,635.93,429.14,34.289,11
6.15,635.4,429.13,34.267,11
6.2,634.87,429.12,34.244,11
6.25,634.33,429.11,34.222,11
6.3,633.8,429.1,34.2,11
6.35,633.27,429.09,34.178,11
6.4,632.73,429.08,34.156,11
6.45,632.2,429.07,34.133,11
6.5,631.67,429.06,34.111,11
6.55,631.13,429.04,34.089,11
6.6,630.6,429.03,34.067,11
6.65,630.07,429.02,34.044,11
6.7,629.53,429.01,34.022,11
6.75,629,429,34,11
6.8,628.49,428.99,33.99,11
6.85,627.98,428.98,33.979,11
6.9,627.47,428.97,33.969,11
6.95,626.96,428.96,33.958,11
7,626.45,428.95,33.948,11
7.05,625.94,428.94,33.938,11
7.1,625.43,428.93,33.927,11
7.15,624.92,428.92,33.917,11
7.2,624.41,428.91,33.906,11
7.25,623.9,428.9,33.896,11
7.3,623.39,428.89,33.885,11
7.35,622.88,428.87,33.875,11
7.4,622.36,428.86,33.865,11
7.45,621.85,428.85,33.854,11
7.5,621.34,428.84,33.844,11
7.55,620.83,428.83,33.833,11
7.6,620.32,428.82,33.823,11
7.65,619.81,428.81,33.813,11
7.7,619.3,428.8,33.802,11
7.75,618.79,428.79,33.792,11
7.8,618.28,428.78,33.781,11
7.85,617.77,428.77,33.771,11
7.9,617.26,428.76,33.76,11
7.95,616.75,428.75,33.75,11
8,616.24,428.74,33.74,11
8.05,615.73,428.73,33.729,11
8.1,615.22,428.72,33.719,11
8.15,614.71,428.71,33.708,11
8.2,614.2,428.7,33.698,11
8.25,613.69,428.69,33.688,11
8.3,613.18,428.68,33.677,11
8.35,612.67,428.67,33.667,11
8.4,612.16,428.66,33.656,11
8.45,611.65,428.65,33.646,11
8.5,611.14,428.64,33.635,11
8.55,610.63,428.62,33.625,11
8.6,610.11,428.61,33.615,11
8.65,609.6,428.6,33.604,11
8.7,609.09,428.59,33.594,11
8.75,608.58,428.58,33.583,11
8.8,608.07,428.57,33.573,11
8.85,607.56,428.56,33.563,11
8.9,607.05,428.55,33.552,11
8.95,606.54,428.54,33.542,11
9,606.03,428.53,33.531,11
9.05,605.52,428.52,33.521,11
9.1,605.01,428.51,33.51,11
9.15,604.5,428.5,33.5,11
9.2,603.99,428.49,33.49,11
9.25,603.48,428.48,33.479,11
9.3,602.97,428.47,33.469,11
9.35,602.46,428.46,33.458,11
9.4,601.95,428.45,33.448,11
9.45,601.44,428.44,33.438,11
9.5,600.93,428.43,33.427,11
9.55,600.42,428.42,33.417,11
9.6,599.91,428.41,33.406,11
9.65,599.4,428.4,33.396,11
9.7,598.89,428.39,33.385,11
9.75,598.38,428.37,33.375,11
9.8,597.86,428.36,33.365,11
9.85,597.35,428.35,33.354,11
9.9,596.84,428.34,33.344,11
9.95,596.33,428.33,33.333,11
10,595.82,428.32,33.323,11
10.05,595.31,428.31,33.313,11
10.1,594.8,428.3,33.302,11
10.15,594.29,428.29,33.292,11
10.2,593.78,428.28,33.281,11
10.25,593.27,428.27,33.271,11
10.3,592.76,428.26,33.26,11
10.35,592.25,428.25,33.25,11
10.4,591.74,428.24,33.24,11
10.45,591.23,428.23,33.229,11
10.5,590.72,428.22,33.219,11
10.55,590.21,428.21,33.208,11
10.6,589.7,428.2,33.198,11
10.65,589.19,428.19,33.188,11
10.7,588.68,428.18,33.177,11
10.75,588.17,428.17,33.167,11
10.8,587.66,428.16,33.156,11
10.85,587.15,428.15,33.146,11
10.9,586.64,428.14,33.135,11
10.95,586.13,428.12,33.125,11
11,585.61,428.11,33.115,11
11.05,585.1,428.1,33.104,11
11.1,584.59,428.09,33.094,11
11.15,584.08,428.08,33.083,11
11.2,583.57,428.07,33.073,11
11.25,583.06,428.06,33.063,11
11.3,582.55,428.05,33.052,11
11.35,582.04,428.04,33.042,11
11.4,581.53,428.03,33.031,11
11.45,581.02,428.02,33.021,11
11.5,580.51,428.01,33.01,11
11.55,580,428,33,11
11.6,579.52,427.99,32.986,10.993
11.65,579.05,427.99,32.972,10.986
11.7,578.57,427.98,32.957,10.979
11.75,578.1,427.97,32.943,10.972
11.8,577.62,427.96,32.929,10.965
11.85,577.15,427.96,32.915,10.957
11.9,576.67,427.95,32.901,10.95
11.95,576.2,427.94,32.887,10.943
12,575.72,427.94,32.872,10.936
12.05,575.25,427.93,32.858,10.929
12.1,574.77,427.92,32.844,10.922
12.15,574.3,427.91,32.83,10.915
12.2,573.82,427.91,32.816,10.908
12.25,573.35,427.9,32.801,10.901
12.3,572.87,427.89,32.787,10.894
12.35,572.4,427.89,32.773,10.887
12.4,571.92,427.88,32.759,10.879
12.45,571.45,427.87,32.745,10.872
12.5,570.97,427.87,32.73,10.865
12.55,570.5,427.86,32.716,10.858
12.6,570.02,427.85,32.702,10.851
12.65,569.55,427.84,32.688,10.844
12.7,569.07,427.84,32.674,10.837
12.75,568.6,427.83,32.66,10.83
12.8,568.12,427.82,32.645,10.823
12.85,567.65,427.82,32.631,10.816
12.9,567.17,427.81,32.617,10.809
12.95,566.7,427.8,32.603,10.801
13,566.22,427.79,32.589,10.794
13.05,565.74,427.79,32.574,10.787
13.1,565.27,427.78,32.56,10.78
13.15,564.79,427.77,32.546,10.773
13.2,564.32,427.77,32.532,10.766
13.25,563.84,427.76,32.518,10.759
13.3,563.37,427.75,32.504,10.752
13.35,562.89,427.74,32.489,10.745
13.4,562.42,427.74,32.475,10.738
13.45,561.94,427.73,32.461,10.73
13.5,561.47,427.72,32.447,10.723
13.55,560.99,427.72,32.433,10.716
13.6,560.52,427.71,32.418,10.709
13.65,560.04,427.7,32.404,10.702
13.7,559.57,427.7,32.39,10.695
13.75,559.09,427.69,32.376,10.688
13.8,558.62,427.68,32.362,10.681
13.85,558.14,427.67,32.348,10.674
13.9,557.67,427.67,32.333,10.667
13.95,557.19,427.66,32.319,10.66
14,556.72,427.65,32.305,10.652
14.05,556.24,427.65,32.291,10.645
14.1,555.77,427.64,32.277,10.638
14.15,555.29,427.63,32.262,10.631
14.2,554.82,427.62,32.248,10.624
14.25,554.34,427.62,32.234,10.617
14.3,553.87,427.61,32.22,10.61
14.35,553.39,427.6,32.206,10.603
14.4,552.91,427.6,32.191,10.596
14.45,552.44,427.59,32.177,10.589
14.5,551.96,427.58,32.163,10.582
14.55,551.49,427.57,32.149,10.574
14.6,551.01,427.57,32.135,10.567
14.65,550.54,427.56,32.121,10.56
14.7,550.06,427.55,32.106,10.553
14.75,549.59,427.55,32.092,10.546
14.8,549.11,427.54,32.078,10.539
14.85,548.64,427.53,32.064,10.532
14.9,548.16,427.52,32.05,10.525
14.95,547.69,427.52,32.035,10.518
15,547.21,427.51,32.021,10.511
15.05,546.74,427.5,32.007,10.504
15.1,546.26,427.5,31.993,10.496
15.15,545.79,427.49,31.979,10.489
15.2,545.31,427.48,31.965,10.482
15.25,544.84,427.48,31.95,10.475
15.3,544.36,427.47,31.936,10.468
15.35,543.89,427.46,31.922,10.461
15.4,543.41,427.45,31.908,10.454
15.45,542.94,427.45,31.894,10.447
15.5,542.46,427.44,31.879,10.44
15.55,541.99,427.43,31.865,10.433
15.6,541.51,427.43,31.851,10.426
15.65,541.04,427.42,31.837,10.418
15.7,540.56,427.41,31.823,10.411
15.75,540.09,427.4,31.809,10.404
15.8,539.61,427.4,31.794,10.397
15.85,539.13,427.39,31.78,10.39
15.9,538.66,427.38,31.766,10.383
15.95,538.18,427.38,31.752,10.376
16,537.71,427.37,31.738,10.369
16.05,537.23,427.36,31.723,10.362
16.1,536.76,427.35,31.709,10.355
16.15,536.28,427.35,31.695,10.348
16.2,535.81,427.34,31.681,10.34
16.25,535.33,427.33,31.667,10.333
16.3,534.86,427.33,31.652,10.326
16.35,534.38,427.32,31.638,10.319
16.4,533.91,427.31,31.624,10.312
16.45,533.43,427.3,31.61,10.305
16.5,532.96,427.3,31.596,10.298
16.55,532.48,427.29,31.582,10.291
16.6,532.01,427.28,31.567,10.284
16.65,531.53,427.28,31.553,10.277
16.7,531.06,427.27,31.539,10.27
16.75,530.58,427.26,31.525,10.262
16.8,530.11,427.26,31.511,10.255
16.85,529.63,427.25,31.496,10.248
16.9,529.16,427.24,31.482,10.241
16.95,528.68,427.23,31.468,10.234
17,528.21,427.23,31.454,10.227
17.05,527.73,427.22,31.44,10.22
17.1,527.26,427.21,31.426,10.213
17.15,526.78,427.21,31.411,10.206
17.2,526.3,427.2,31.397,10.199
17.25,525.83,427.19,31.383,10.191
17.3,525.35,427.18,31.369,10.184
17.35,524.88,427.18,31.355,10.177
17.4,524.4,427.17,31.34,10.17
17.45,523.93,427.16,31.326,10.163
17.5,523.45,427.16,31.312,10.156
17.55,522.98,427.15,31.298,10.149
17.6,522.5,427.14,31.284,10.142
17.65,522.03,427.13,31.27,10.135
17.7,521.55,427.13,31.255,10.128
17.75,521.08,427.12,31.241,10.121
17.8,520.6,427.11,31.227,10.113
17.85,520.13,427.11,31.213,10.106
17.9,519.65,427.1,31.199,10.099
17.95,519.18,427.09,31.184,10.092
18,518.7,427.09,31.17,10.085
18.05,518.23,427.08,31.156,10.078
18.1,517.75,427.07,31.142,10.071
18.15,517.28,427.06,31.128,10.064
18.2,516.8,427.06,31.113,10.057
18.25,516.33,427.05,31.099,10.05
18.3,515.85,427.04,31.085,10.043
18.35,515.38,427.04,31.071,10.035
18.4,514.9,427.03,31.057,10.028
18.45,514.43,427.02,31.043,10.021
18.5,513.95,427.01,31.028,10.014
18.55,513.48,427.01,31.014,10.007
18.6,513,427,31,10
18.65,512.59,426.98,30.963,10
18.7,512.19,426.95,30.926,10
18.75,511.78,426.93,30.889,10
18.8,511.37,426.9,30.852,10
18.85,510.96,426.88,30.815,10
18.9,510.56,426.85,30.778,10
18.95,510.15,426.83,30.741,10
19,509.74,426.8,30.704,10
19.05,509.33,426.78,30.667,10
19.1,508.93,426.75,30.63,10
19.15,508.52,426.73,30.593,10
19.2,508.11,426.7,30.556,10
19.25,507.7,426.68,30.519,10
19.3,507.3,426.65,30.481,10
19.35,506.89,426.63,30.444,10
19.4,506.48,426.6,30.407,10
19.45,506.07,426.58,30.37,10
19.5,505.67,426.56,30.333,10
19.55,505.26,426.53,30.296,10
19.6,504.85,426.51,30.259,10
19.65,504.44,426.48,30.222,10
19.7,504.04,426.46,30.185,10
19.75,503.63,426.43,30.148,10
19.8,503.22,426.41,30.111,10
19.85,502.81,426.38,30.074,10
19.9,502.41,426.36,30.037,10
19.95,502,426.33,30,10
20,501.59,426.31,29.963,10
20.05,501.19,426.28,29.926,10
20.1,500.78,426.26,29.889,10
20.15,500.37,426.23,29.852,10
20.2,499.96,426.21,29.815,10
20.25,499.56,426.19,29.778,10
20.3,499.15,426.16,29.741,10
20.35,498.74,426.14,29.704,10
20.4,498.33,426.11,29.667,10
20.45,497.93,426.09,29.63,10
20.5,497.52,426.06,29.593,10
20.55,497.11,426.04,29.556,10
20.6,496.7,426.01,29.519,10
20.65,496.3,425.99,29.481,10
20.7,495.89,425.96,29.444,10
20.75,495.48,425.94,29.407,10
20.8,495.07,425.91,29.37,10
20.85,494.67,425.89,29.333,10
20.9,494.26,425.86,29.296,10
20.95,493.85,425.84,29.259,10
21,493.44,425.81,29.222,10
21.05,493.04,425.79,29.185,10
21.1,492.63,425.77,29.148,10
21.15,492.22,425.74,29.111,10
21.2,491.81,425.72,29.074,10
21.25,491.41,425.69,29.037,10
21.3,491,425.67,29,10
21.35,490.59,425.64,28.963,10
21.4,490.19,425.62,28.926,10
21.45,489.78,425.59,28.889,10
21.5,489.37,425.57,28.852,10
21.55,488.96,425.54,28.815,10
21.6,488.56,425.52,28.778,10
21.65,488.15,425.49,28.741,10
21.7,487.74,425.47,28.704,10
21.75,487.33,425.44,28.667,10
21.8,486.93,425.42,28.63,10
21.85,486.52,425.4,28.593,10
21.9,486.11,425.37,28.556,10
21.95,485.7,425.35,28.519,10
22,485.3,425.32,28.481,10
22.05,484.89,425.3,28.444,10
22.1,484.48,425.27,28.407,10
22.15,484.07,425.25,28.37,10
22.2,483.67,425.22,28.333,10
22.25,483.26,425.2,28.296,10
22.3,482.85,425.17,28.259,10
22.35,482.44,425.15,28.222,10
22.4,482.04,425.12,28.185,10
22.45,481.63,425.1,28.148,10
22.5,481.22,425.07,28.111,10
22.55,480.81,425.05,28.074,10
22.6,480.41,425.02,28.037,10
22.65,480,425,28,10
22.7,479.61,424.98,27.985,10.008
22.75,479.22,424.97,27.969,10.015
22.8,478.83,424.95,27.954,10.023
22.85,478.44,424.94,27.939,10.031
22.9,478.05,424.92,27.924,10.038
22.95,477.66,424.91,27.908,10.046
23,477.27,424.89,27.893,10.053
23.05,476.89,424.88,27.878,10.061
23.1,476.5,424.86,27.863,10.069
23.15,476.11,424.85,27.847,10.076
23.2,475.72,424.83,27.832,10.084
23.25,475.33,424.82,27.817,10.092
23.3,474.94,424.8,27.802,10.099
23.35,474.55,424.79,27.786,10.107
23.4,474.16,424.77,27.771,10.115
23.45,473.77,424.76,27.756,10.122
23.5,473.38,424.74,27.74,10.13
23.55,472.99,424.73,27.725,10.137
23.6,472.6,424.71,27.71,10.145
23.65,472.21,424.69,27.695,10.153
23.7,471.82,424.68,27.679,10.16
23.75,471.44,424.66,27.664,10.168
23.8,471.05,424.65,27.649,10.176
23.85,470.66,424.63,27.634,10.183
23.9,470.27,424.62,27.618,10.191
23.95,469.88,424.6,27.603,10.198
24,469.49,424.59,27.588,10.206
24.05,469.1,424.57,27.573,10.214
24.1,468.71,424.56,27.557,10.221
24.15,468.32,424.54,27.542,10.229
24.2,467.93,424.53,27.527,10.237
24.25,467.54,424.51,27.511,10.244
24.3,467.15,424.5,27.496,10.252
24.35,466.76,424.48,27.481,10.26
24.4,466.37,424.47,27.466,10.267
24.45,465.98,424.45,27.45,10.275
24.5,465.6,424.44,27.435,10.282
24.55,465.21,424.42,27.42,10.29
24.6,464.82,424.4,27.405,10.298
24.65,464.43,424.39,27.389,10.305
24.7,464.04,424.37,27.374,10.313
24.75,463.65,424.36,27.359,10.321
24.8,463.26,424.34,27.344,10.328
24.85,462.87,424.33,27.328,10.336
24.9,462.48,424.31,27.313,10.344
24.95,462.09,424.3,27.298,10.351
25,461.7,424.28,27.282,10.359
25.05,461.31,424.27,27.267,10.366
25.1,460.92,424.25,27.252,10.374
25.15,460.53,424.24,27.237,10.382
25.2,460.15,424.22,27.221,10.389
25.25,459.76,424.21,27.206,10.397
25.3,459.37,424.19,27.191,10.405
25.35,458.98,424.18,27.176,10.412
25.4,458.59,424.16,27.16,10.42
25.45,458.2,424.15,27.145,10.427
25.5,457.81,424.13,27.13,10.435
25.55,457.42,424.11,27.115,10.443
25.6,457.03,424.1,27.099,10.45
25.65,456.64,424.08,27.084,10.458
25.7,456.25,424.07,27.069,10.466
25.75,455.86,424.05,27.053,10.473
25.8,455.47,424.04,27.038,10.481
25.85,455.08,424.02,27.023,10.489
25.9,454.69,424.01,27.008,10.496
25.95,454.31,423.99,26.992,10.504
26,453.92,423.98,26.977,10.511
26.05,453.53,423.96,26.962,10.519
26.1,453.14,423.95,26.947,10.527
26.15,452.75,423.93,26.931,10.534
26.2,452.36,423.92,26.916,10.542
26.25,451.97,423.9,26.901,10.55
26.3,451.58,423.89,26.885,10.557
26.35,451.19,423.87,26.87,10.565
26.4,450.8,423.85,26.855,10.573
26.45,450.41,423.84,26.84,10.58
26.5,450.02,423.82,26.824,10.588
26.55,449.63,423.81,26.809,10.595
26.6,449.24,423.79,26.794,10.603
26.65,448.85,423.78,26.779,10.611
26.7,448.47,423.76,26.763,10.618
26.75,448.08,423.75,26.748,10.626
26.8,447.69,423.73,26.733,10.634
26.85,447.3,423.72,26.718,10.641
26.9,446.91,423.7,26.702,10.649
26.95,446.52,423.69,26.687,10.656
27,446.13,423.67,26.672,10.664
27.05,445.74,423.66,26.656,10.672
27.1,445.35,423.64,26.641,10.679
27.15,444.96,423.63,26.626,10.687
27.2,444.57,423.61,26.611,10.695
27.25,444.18,423.6,26.595,10.702
27.3,443.79,423.58,26.58,10.71
27.35,443.4,423.56,26.565,10.718
27.4,443.02,423.55,26.55,10.725
27.45,442.63,423.53,26.534,10.733
27.5,442.24,423.52,26.519,10.74
27.55,441.85,423.5,26.504,10.748
27.6,441.46,423.49,26.489,10.756
27.65,441.07,423.47,26.473,10.763
27.7,440.68,423.46,26.458,10.771
27.75,440.29,423.44,26.443,10.779
27.8,439.9,423.43,26.427,10.786
27.85,439.51,423.41,26.412,10.794
27.9,439.12,423.4,26.397,10.802
27.95,438.73,423.38,26.382,10.809
28,438.34,423.37,26.366,10.817
28.05,437.95,423.35,26.351,10.824
28.1,437.56,423.34,26.336,10.832
28.15,437.18,423.32,26.321,10.84
28.2,436.79,423.31,26.305,10.847
28.25,436.4,423.29,26.29,10.855
28.3,436.01,423.27,26.275,10.863
28.35,435.62,423.26,26.26,10.87
28.4,435.23,423.24,26.244,10.878
28.45,434.84,423.23,26.229,10.885
28.5,434.45,423.21,26.214,10.893
28.55,434.06,423.2,26.198,10.901
28.6,433.67,423.18,26.183,10.908
28.65,433.28,423.17,26.168,10.916
28.7,432.89,423.15,26.153,10.924
28.75,432.5,423.14,26.137,10.931
28.8,432.11,423.12,26.122,10.939
28.85,431.73,423.11,26.107,10.947
28.9,431.34,423.09,26.092,10.954
28.95,430.95,423.08,26.076,10.962
29,430.56,423.06,26.061,10.969
29.05,430.17,423.05,26.046,10.977
29.1,429.78,423.03,26.031,10.985
29.15,429.39,423.02,26.015,10.992
29.2,429,423,26,11
29.25,428.63,422.99,26.038,11
29.3,428.27,422.97,26.077,11
29.35,427.9,422.96,26.115,11
29.4,427.54,422.95,26.154,11
29.45,427.17,422.94,26.192,11
29.5,426.81,422.92,26.231,11
29.55,426.44,422.91,26.269,11
29.6,426.08,422.9,26.308,11
29.65,425.71,422.88,26.346,11
29.7,425.35,422.87,26.385,11
29.75,424.98,422.86,26.423,11
29.8,424.62,422.85,26.462,11
29.85,424.25,422.83,26.5,11
29.9,423.88,422.82,26.538,11
29.95,423.52,422.81,26.577,11
30,423.15,422.79,26.615,11
30.05,422.79,422.78,26.654,11
30.1,422.42,422.77,26.692,11
30.15,422.06,422.76,26.731,11
30.2,421.69,422.74,26.769,11
30.25,421.33,422.73,26.808,11
30.3,420.96,422.72,26.846,11
30.35,420.6,422.71,26.885,11
30.4,420.23,422.69,26.923,11
30.45,419.87,422.68,26.962,11
30.5,419.5,422.67,27,11
30.55,419.13,422.65,27.038,11
30.6,418.77,422.64,27.077,11
30.65,418.4,422.63,27.115,11
30.7,418.04,422.62,27.154,11
30.75,417.67,422.6,27.192,11
30.8,417.31,422.59,27.231,11
30.85,416.94,422.58,27.269,11
30.9,416.58,422.56,27.308,11
30.95,416.21,422.55,27.346,11
31,415.85,422.54,27.385,11
31.05,415.48,422.53,27.423,11
31.1,415.12,422.51,27.462,11
31.15,414.75,422.5,27.5,11
31.2,414.38,422.49,27.538,11
31.25,414.02,422.47,27.577,11
31.3,413.65,422.46,27.615,11
31.35,413.29,422.45,27.654,11
31.4,412.92,422.44,27.692,11
31.45,412.56,422.42,27.731,11
31.5,412.19,422.41,27.769,11
31.55,411.83,422.4,27.808,11
31.6,411.46,422.38,27.846,11
31.65,411.1,422.37,27.885,11
31.7,410.73,422.36,27.923,11
31.75,410.37,422.35,27.962,11
31.8,410,422.33,28,11
31.85,409.63,422.32,28.038,11
31.9,409.27,422.31,28.077,11
31.95,408.9,422.29,28.115,11
32,408.54,422.28,28.154,11
32.05,408.17,422.27,28.192,11
32.1,407.81,422.26,28.231,11
32.15,407.44,422.24,28.269,11
32.2,407.08,422.23,28.308,11
32.25,406.71,422.22,28.346,11
32.3,406.35,422.21,28.385,11
32.35,405.98,422.19,28.423,11
32.4,405.62,422.18,28.462,11
32.45,405.25,422.17,28.5,11
32.5,404.88,422.15,28.538,11
32.55,404.52,422.14,28.577,11
32.6,404.15,422.13,28.615,11
32.65,403.79,422.12,28.654,11
32.7,403.42,422.1,28.692,11
32.75,403.06,422.09,28.731,11
32.8,402.69,422.08,28.769,11
32.85,402.33,422.06,28.808,11
32.9,401.96,422.05,28.846,11
32.95,401.6,422.04,28.885,11
33,401.23,422.03,28.923,11
33.05,400.87,422.01,28.962,11
33.1,400.5,422,29,11
33.15,400.13,421.99,29.038,11
33.2,399.77,421.97,29.077,11
33.25,399.4,421.96,29.115,11
33.3,399.04,421.95,29.154,11
33.35,398.67,421.94,29.192,11
33.4,398.31,421.92,29.231,11
33.45,397.94,421.91,29.269,11
33.5,397.58,421.9,29.308,11
33.55,397.21,421.88,29.346,11
33.6,396.85,421.87,29.385,11
33.65,396.48,421.86,29.423,11
33.7,396.12,421.85,29.462,11
33.75,395.75,421.83,29.5,11
33.8,395.38,421.82,29.538,11
33.85,395.02,421.81,29.577,11
33.9,394.65,421.79,29.615,11
33.95,394.29,421.78,29.654,11
34,393.92,421.77,29.692,11
34.05,393.56,421.76,29.731,11
34.1,393.19,421.74,29.769,11
34.15,392.83,421.73,29.808,11
34.2,392.46,421.72,29.846,11
34.25,392.1,421.71,29.885,11
34.3,391.73,421.69,29.923,11
34.35,391.37,421.68,29.962,11
34.4,391,421.67,30,11
34.45,390.63,421.65,30.038,11
34.5,390.27,421.64,30.077,11
34.55,389.9,421.63,30.115,11
34.6,389.54,421.62,30.154,11
34.65,389.17,421.6,30.192,11
34.7,388.81,421.59,30.231,11
34.75,388.44,421.58,30.269,11
34.8,388.08,421.56,30.308,11
34.85,387.71,421.55,30.346,11
34.9,387.35,421.54,30.385,11
34.95,386.98,421.53,30.423,11
35,386.62,421.51,30.462,11
35.05,386.25,421.5,30.5,11
35.1,385.88,421.49,30.538,11
35.15,385.52,421.47,30.577,11
35.2,385.15,421.46,30.615,11
35.25,384.79,421.45,30.654,11
35.3,384.42,421.44,30.692,11
35.35,384.06,421.42,30.731,11
35.4,383.69,421.41,30.769,11
35.45,383.33,421.4,30.808,11
35.5,382.96,421.38,30.846,11
35.55,382.6,421.37,30.885,11
35.6,382.23,421.36,30.923,11
35.65,381.87,421.35,30.962,11
35.7,381.5,421.33,31,11
35.75,381.13,421.32,31.038,11
35.8,380.77,421.31,31.077,11
35.85,380.4,421.29,31.115,11
35.9,380.04,421.28,31.154,11
35.95,379.67,421.27,31.192,11
36,379.31,421.26,31.231,11
36.05,378.94,421.24,31.269,11
36.1,378.58,421.23,31.308,11
36.15,378.21,421.22,31.346,11
36.2,377.85,421.21,31.385,11
36.25,377.48,421.19,31.423,11
36.3,377.12,421.18,31.462,11
36.35,376.75,421.17,31.5,11
36.4,376.38,421.15,31.538,11
36.45,376.02,421.14,31.577,11
36.5,375.65,421.13,31.615,11
36.55,375.29,421.12,31.654,11
36.6,374.92,421.1,31.692,11
36.65,374.56,421.09,31.731,11
36.7,374.19,421.08,31.769,11
36.75,373.83,421.06,31.808,11
36.8,373.46,421.05,31.846,11
36.85,373.1,421.04,31.885,11
36.9,372.73,421.03,31.923,11
36.95,372.37,421.01,31.962,11
37,372,421,32,11
37.05,371.72,421,31.902,10.992
37.1,371.43,421,31.805,10.984
37.15,371.15,421,31.707,10.976
37.2,370.86,421,31.61,10.967
37.25,370.58,421,31.512,10.959
37.3,370.29,421,31.415,10.951
37.35,370.01,421,31.317,10.943
37.4,369.72,421,31.22,10.935
37.45,369.44,421,31.122,10.927
37.5,369.15,421,31.024,10.919
37.55,368.87,421,30.927,10.911
37.6,368.59,421,30.829,10.902
37.65,368.3,421,30.732,10.894
37.7,368.02,421,30.634,10.886
37.75,367.73,421,30.537,10.878
37.8,367.45,421,30.439,10.87
37.85,367.16,421,30.341,10.862
37.9,366.88,421,30.244,10.854
37.95,366.59,421,30.146,10.846
38,366.31,421,30.049,10.837
38.05,366.02,421,29.951,10.829
38.1,365.74,421,29.854,10.821
38.15,365.46,421,29.756,10.813
38.2,365.17,421,29.659,10.805
38.25,364.89,421,29.561,10.797
38.3,364.6,421,29.463,10.789
38.35,364.32,421,29.366,10.78
38.4,364.03,421,29.268,10.772
38.45,363.75,421,29.171,10.764
38.5,363.46,421,29.073,10.756
38.55,363.18,421,28.976,10.748
38.6,362.89,421,28.878,10.74
38.65,362.61,421,28.78,10.732
38.7,362.33,421,28.683,10.724
38.75,362.04,421,28.585,10.715
38.8,361.76,421,28.488,10.707
38.85,361.47,421,28.39,10.699
38.9,361.19,421,28.293,10.691
38.95,360.9,421,28.195,10.683
39,360.62,421,28.098,10.675
39.05,360.33,421,28,10.667
39.1,360.05,421,27.902,10.659
39.15,359.76,421,27.805,10.65
39.2,359.48,421,27.707,10.642
39.25,359.2,421,27.61,10.634
39.3,358.91,421,27.512,10.626
39.35,358.63,421,27.415,10.618
39.4,358.34,421,27.317,10.61
39.45,358.06,421,27.22,10.602
39.5,357.77,421,27.122,10.593
39.55,357.49,421,27.024,10.585
39.6,357.2,421,26.927,10.577
39.65,356.92,421,26.829,10.569
39.7,356.63,421,26.732,10.561
39.75,356.35,421,26.634,10.553
39.8,356.07,421,26.537,10.545
39.85,355.78,421,26.439,10.537
39.9,355.5,421,26.341,10.528
39.95,355.21,421,26.244,10.52
40,354.93,421,26.146,10.512
40.05,354.64,421,26.049,10.504
40.1,354.36,421,25.951,10.496
40.15,354.07,421,25.854,10.488
40.2,353.79,421,25.756,10.48
40.25,353.5,421,25.659,10.472
40.3,353.22,421,25.561,10.463
40.35,352.93,421,25.463,10.455
40.4,352.65,421,25.366,10.447
40.45,352.37,421,25.268,10.439
40.5,352.08,421,25.171,10.431
40.55,351.8,421,25.073,10.423
40.6,351.51,421,24.976,10.415
40.65,351.23,421,24.878,10.407
40.7,350.94,421,24.78,10.398
40.75,350.66,421,24.683,10.39
40.8,350.37,421,24.585,10.382
40.85,350.09,421,24.488,10.374
40.9,349.8,421,24.39,10.366
40.95,349.52,421,24.293,10.358
41,349.24,421,24.195,10.35
41.05,348.95,421,24.098,10.341
41.1,348.67,421,24,10.333
41.15,348.38,421,23.902,10.325
41.2,348.1,421,23.805,10.317
41.25,347.81,421,23.707,10.309
41.3,347.53,421,23.61,10.301
41.35,347.24,421,23.512,10.293
41.4,346.96,421,23.415,10.285
41.45,346.67,421,23.317,10.276
41.5,346.39,421,23.22,10.268
41.55,346.11,421,23.122,10.26
41.6,345.82,421,23.024,10.252
41.65,345.54,421,22.927,10.244
41.7,345.25,421,22.829,10.236
41.75,344.97,421,22.732,10.228
41.8,344.68,421,22.634,10.22
41.85,344.4,421,22.537,10.211
41.9,344.11,421,22.439,10.203
41.95,343.83,421,22.341,10.195
42,343.54,421,22.244,10.187
42.05,343.26,421,22.146,10.179
42.1,342.98,421,22.049,10.171
42.15,342.69,421,21.951,10.163
42.2,342.41,421,21.854,10.154
42.25,342.12,421,21.756,10.146
42.3,341.84,421,21.659,10.138
42.35,341.55,421,21.561,10.13
42.4,341.27,421,21.463,10.122
42.45,340.98,421,21.366,10.114
42.5,340.7,421,21.268,10.106
42.55,340.41,421,21.171,10.098
42.6,340.13,421,21.073,10.089
42.65,339.85,421,20.976,10.081
42.7,339.56,421,20.878,10.073
42.75,339.28,421,20.78,10.065
42.8,338.99,421,20.683,10.057
42.85,338.71,421,20.585,10.049
42.9,338.42,421,20.488,10.041
42.95,338.14,421,20.39,10.033
43,337.85,421,20.293,10.024
43.05,337.57,421,20.195,10.016
43.1,337.28,421,20.098,10.008
43.15,337,421,20,10
43.2,336.8,421.01,20.028,9.9944
43.25,336.61,421.02,20.056,9.9888
43.3,336.41,421.03,20.084,9.9832
43.35,336.22,421.04,20.112,9.9777
43.4,336.02,421.06,20.14,9.9721
43.45,335.83,421.07,20.168,9.9665
43.5,335.63,421.08,20.196,9.9609
43.55,335.44,421.09,20.223,9.9553
43.6,335.24,421.1,20.251,9.9497
43.65,335.04,421.11,20.279,9.9441
43.7,334.85,421.12,20.307,9.9385
43.75,334.65,421.13,20.335,9.933
43.8,334.46,421.15,20.363,9.9274
43.85,334.26,421.16,20.391,9.9218
43.9,334.07,421.17,20.419,9.9162
43.95,333.87,421.18,20.447,9.9106
44,333.68,421.19,20.475,9.905
44.05,333.48,421.2,20.503,9.8994
44.1,333.28,421.21,20.531,9.8939
44.15,333.09,421.22,20.559,9.8883
44.2,332.89,421.23,20.587,9.8827
44.25,332.7,421.25,20.615,9.8771
44.3,332.5,421.26,20.642,9.8715
44.35,332.31,421.27,20.67,9.8659
44.4,332.11,421.28,20.698,9.8603
44.45,331.92,421.29,20.726,9.8547
44.5,331.72,421.3,20.754,9.8492
44.55,331.53,421.31,20.782,9.8436
44.6,331.33,421.32,20.81,9.838
44.65,331.13,421.34,20.838,9.8324
44.7,330.94,421.35,20.866,9.8268
44.75,330.74,421.36,20.894,9.8212
44.8,330.55,421.37,20.922,9.8156
44.85,330.35,421.38,20.95,9.8101
44.9,330.16,421.39,20.978,9.8045
44.95,329.96,421.4,21.006,9.7989
45,329.77,421.41,21.034,9.7933
45.05,329.57,421.42,21.061,9.7877
45.1,329.37,421.44,21.089,9.7821
45.15,329.18,421.45,21.117,9.7765
45.2,328.98,421.46,21.145,9.7709
45.25,328.79,421.47,21.173,9.7654
45.3,328.59,421.48,21.201,9.7598
45.35,328.4,421.49,21.229,9.7542
45.4,328.2,421.5,21.257,9.7486
45.45,328.01,421.51,21.285,9.743
45.5,327.81,421.53,21.313,9.7374
45.55,327.61,421.54,21.341,9.7318
45.6,327.42,421.55,21.369,9.7263
45.65,327.22,421.56,21.397,9.7207
45.7,327.03,421.57,21.425,9.7151
45.75,326.83,421.58,21.453,9.7095
45.8,326.64,421.59,21.48,9.7039
45.85,326.44,421.6,21.508,9.6983
45.9,326.25,421.61,21.536,9.6927
45.95,326.05,421.63,21.564,9.6872
46,325.85,421.64,21.592,9.6816
46.05,325.66,421.65,21.62,9.676
46.1,325.46,421.66,21.648,9.6704
46.15,325.27,421.67,21.676,9.6648
46.2,325.07,421.68,21.704,9.6592
46.25,324.88,421.69,21.732,9.6536
46.3,324.68,421.7,21.76,9.648
46.35,324.49,421.72,21.788,9.6425
46.4,324.29,421.73,21.816,9.6369
46.45,324.09,421.74,21.844,9.6313
46.5,323.9,421.75,21.872,9.6257
46.55,323.7,421.76,21.899,9.6201
46.6,323.51,421.77,21.927,9.6145
46.65,323.31,421.78,21.955,9.6089
46.7,323.12,421.79,21.983,9.6034
46.75,322.92,421.8,22.011,9.5978
46.8,322.73,421.82,22.039,9.5922
46.85,322.53,421.83,22.067,9.5866
46.9,322.34,421.84,22.095,9.581
46.95,322.14,421.85,22.123,9.5754
47,321.94,421.86,22.151,9.5698
47.05,321.75,421.87,22.179,9.5642
47.1,321.55,421.88,22.207,9.5587
47.15,321.36,421.89,22.235,9.5531
47.2,321.16,421.91,22.263,9.5475
47.25,320.97,421.92,22.291,9.5419
47.3,320.77,421.93,22.318,9.5363
47.35,320.58,421.94,22.346,9.5307
47.4,320.38,421.95,22.374,9.5251
47.45,320.18,421.96,22.402,9.5196
47.5,319.99,421.97,22.43,9.514
47.55,319.79,421.98,22.458,9.5084
47.6,319.6,421.99,22.486,9.5028
47.65,319.4,422.01,22.514,9.4972
47.7,319.21,422.02,22.542,9.4916
47.75,319.01,422.03,22.57,9.486
47.8,318.82,422.04,22.598,9.4804
47.85,318.62,422.05,22.626,9.4749
47.9,318.42,422.06,22.654,9.4693
47.95,318.23,422.07,22.682,9.4637
48,318.03,422.08,22.709,9.4581
48.05,317.84,422.09,22.737,9.4525
48.1,317.64,422.11,22.765,9.4469
48.15,317.45,422.12,22.793,9.4413
48.2,317.25,422.13,22.821,9.4358
48.25,317.06,422.14,22.849,9.4302
48.3,316.86,422.15,22.877,9.4246
48.35,316.66,422.16,22.905,9.419
48.4,316.47,422.17,22.933,9.4134
48.45,316.27,422.18,22.961,9.4078
48.5,316.08,422.2,22.989,9.4022
48.55,315.88,422.21,23.017,9.3966
48.6,315.69,422.22,23.045,9.3911
48.65,315.49,422.23,23.073,9.3855
48.7,315.3,422.24,23.101,9.3799
48.75,315.1,422.25,23.128,9.3743
48.8,314.91,422.26,23.156,9.3687
48.85,314.71,422.27,23.184,9.3631
48.9,314.51,422.28,23.212,9.3575
48.95,314.32,422.3,23.24,9.352
49,314.12,422.31,23.268,9.3464
49.05,313.93,422.32,23.296,9.3408
49.1,313.73,422.33,23.324,9.3352
49.15,313.54,422.34,23.352,9.3296
49.2,313.34,422.35,23.38,9.324
49.25,313.15,422.36,23.408,9.3184
49.3,312.95,422.37,23.436,9.3128
49.35,312.75,422.39,23.464,9.3073
49.4,312.56,422.4,23.492,9.3017
49.45,312.36,422.41,23.52,9.2961
49.5,312.17,422.42,23.547,9.2905
49.55,311.97,422.43,23.575,9.2849
49.6,311.78,422.44,23.603,9.2793
49.65,311.58,422.45,23.631,9.2737
49.7,311.39,422.46,23.659,9.2682
49.75,311.19,422.47,23.687,9.2626
49.8,310.99,422.49,23.715,9.257
49.85,310.8,422.5,23.743,9.2514
49.9,310.6,422.51,23.771,9.2458
49.95,310.41,422.52,23.799,9.2402
50,310.21,422.53,23.827,9.2346
50.05,310.02,422.54,23.855,9.2291
50.1,309.82,422.55,23.883,9.2235
50.15,309.63,422.56,23.911,9.2179
50.2,309.43,422.58,23.939,9.2123
50.25,309.23,422.59,23.966,9.2067
50.3,309.04,422.6,23.994,9.2011
50.35,308.84,422.61,24.022,9.1955
50.4,308.65,422.62,24.05,9.1899
50.45,308.45,422.63,24.078,9.1844
50.5,308.26,422.64,24.106,9.1788
50.55,308.06,422.65,24.134,9.1732
50.6,307.87,422.66,24.162,9.1676
50.65,307.67,422.68,24.19,9.162
50.7,307.47,422.69,24.218,9.1564
50.75,307.28,422.7,24.246,9.1508
50.8,307.08,422.71,24.274,9.1453
50.85,306.89,422.72,24.302,9.1397
50.9,306.69,422.73,24.33,9.1341
50.95,306.5,422.74,24.358,9.1285
51,306.3,422.75,24.385,9.1229
51.05,306.11,422.77,24.413,9.1173
51.1,305.91,422.78,24.441,9.1117
51.15,305.72,422.79,24.469,9.1061
51.2,305.52,422.8,24.497,9.1006
51.25,305.32,422.81,24.525,9.095
51.3,305.13,422.82,24.553,9.0894
51.35,304.93,422.83,24.581,9.0838
51.4,304.74,422.84,24.609,9.0782
51.45,304.54,422.85,24.637,9.0726
51.5,304.35,422.87,24.665,9.067
51.55,304.15,422.88,24.693,9.0615
51.6,303.96,422.89,24.721,9.0559
51.65,303.76,422.9,24.749,9.0503
51.7,303.56,422.91,24.777,9.0447
51.75,303.37,422.92,24.804,9.0391
51.8,303.17,422.93,24.832,9.0335
51.85,302.98,422.94,24.86,9.0279
51.9,302.78,422.96,24.888,9.0223
51.95,302.59,422.97,24.916,9.0168
52,302.39,422.98,24.944,9.0112
52.05,302.2,422.99,24.972,9.0056
52.1,302,423,25,9
52.15,301.61,423,25.06,9.0172
52.2,301.22,423,25.121,9.0345
52.25,300.84,423,25.181,9.0517
52.3,300.45,423,25.241,9.069
52.35,300.06,423,25.302,9.0862
52.4,299.67,423,25.362,9.1034
52.45,299.28,423,25.422,9.1207
52.5,298.9,423,25.483,9.1379
52.55,298.51,423,25.543,9.1552
52.6,298.12,423,25.603,9.1724
52.65,297.73,423,25.664,9.1897
52.7,297.34,423,25.724,9.2069
52.75,296.96,423,25.784,9.2241
52.8,296.57,423,25.845,9.2414
52.85,296.18,423,25.905,9.2586
52.9,295.79,423,25.966,9.2759
52.95,295.41,423,26.026,9.2931
53,295.02,423,26.086,9.3103
53.05,294.63,423,26.147,9.3276
53.1,294.24,423,26.207,9.3448
53.15,293.85,423,26.267,9.3621
53.2,293.47,423,26.328,9.3793
53.25,293.08,423,26.388,9.3966
53.3,292.69,423,26.448,9.4138
53.35,292.3,423,26.509,9.431
53.4,291.91,423,26.569,9.4483
53.45,291.53,423,26.629,9.4655
53.5,291.14,423,26.69,9.4828
53.55,290.75,423,26.75,9.5
53.6,290.36,423,26.81,9.5172
53.65,289.97,423,26.871,9.5345
53.7,289.59,423,26.931,9.5517
53.75,289.2,423,26.991,9.569
53.8,288.81,423,27.052,9.5862
53.85,288.42,423,27.112,9.6034
53.9,288.03,423,27.172,9.6207
53.95,287.65,423,27.233,9.6379
54,287.26,423,27.293,9.6552
54.05,286.87,423,27.353,9.6724
54.1,286.48,423,27.414,9.6897
54.15,286.09,423,27.474,9.7069
54.2,285.71,423,27.534,9.7241
54.25,285.32,423,27.595,9.7414
54.3,284.93,423,27.655,9.7586
54.35,284.54,423,27.716,9.7759
54.4,284.16,423,27.776,9.7931
54.45,283.77,423,27.836,9.8103
54.5,283.38,423,27.897,9.8276
54.55,282.99,423,27.957,9.8448
54.6,282.6,423,28.017,9.8621
54.65,282.22,423,28.078,9.8793
54.7,281.83,423,28.138,9.8966
54.75,281.44,423,28.198,9.9138
54.8,281.05,423,28.259,9.931
54.85,280.66,423,28.319,9.9483
54.9,280.28,423,28.379,9.9655
54.95,279.89,423,28.44,9.9828
55,279.5,423,28.5,10
55.05,279.11,423,28.56,10.017
55.1,278.72,423,28.621,10.034
55.15,278.34,423,28.681,10.052
55.2,277.95,423,28.741,10.069
55.25,277.56,423,28.802,10.086
55.3,277.17,423,28.862,10.103
55.35,276.78,423,28.922,10.121
55.4,276.4,423,28.983,10.138
55.45,276.01,423,29.043,10.155
55.5,275.62,423,29.103,10.172
55.55,275.23,423,29.164,10.19
55.6,274.84,423,29.224,10.207
55.65,274.46,423,29.284,10.224
55.7,274.07,423,29.345,10.241
55.75,273.68,423,29.405,10.259
55.8,273.29,423,29.466,10.276
55.85,272.91,423,29.526,10.293
55.9,272.52,423,29.586,10.31
55.95,272.13,423,29.647,10.328
56,271.74,423,29.707,10.345
56.05,271.35,423,29.767,10.362
56.1,270.97,423,29.828,10.379
56.15,270.58,423,29.888,10.397
56.2,270.19,423,29.948,10.414
56.25,269.8,423,30.009,10.431
56.3,269.41,423,30.069,10.448
56.35,269.03,423,30.129,10.466
56.4,268.64,423,30.19,10.483
56.45,268.25,423,30.25,10.5
56.5,267.86,423,30.31,10.517
56.55,267.47,423,30.371,10.534
56.6,267.09,423,30.431,10.552
56.65,266.7,423,30.491,10.569
56.7,266.31,423,30.552,10.586
56.75,265.92,423,30.612,10.603
56.8,265.53,423,30.672,10.621
56.85,265.15,423,30.733,10.638
56.9,264.76,423,30.793,10.655
56.95,264.37,423,30.853,10.672
57,263.98,423,30.914,10.69
57.05,263.59,423,30.974,10.707
57.1,263.21,423,31.034,10.724
57.15,262.82,423,31.095,10.741
57.2,262.43,423,31.155,10.759
57.25,262.04,423,31.216,10.776
57.3,261.66,423,31.276,10.793
57.35,261.27,423,31.336,10.81
57.4,260.88,423,31.397,10.828
57.45,260.49,423,31.457,10.845
57.5,260.1,423,31.517,10.862
57.55,259.72,423,31.578,10.879
57.6,259.33,423,31.638,10.897
57.65,258.94,423,31.698,10.914
57.7,258.55,423,31.759,10.931
57.75,258.16,423,31.819,10.948
57.8,257.78,423,31.879,10.966
57.85,257.39,423,31.94,10.983
57.9,257,423,32,11
57.95,256.47,423,32.036,11
58,255.94,423,32.072,11
58.05,255.41,423,32.108,11
58.1,254.88,423,32.145,11
58.15,254.35,423,32.181,11
58.2,253.82,423,32.217,11
58.25,253.29,423,32.253,11
58.3,252.76,423,32.289,11
58.35,252.23,423,32.325,11
58.4,251.7,423,32.361,11
58.45,251.17,423,32.398,11
58.5,250.64,423,32.434,11
58.55,250.11,423,32.47,11
58.6,249.58,423,32.506,11
58.65,249.05,423,32.542,11
58.7,248.52,423,32.578,11
58.75,247.99,423,32.614,11
58.8,247.46,423,32.651,11
58.85,246.93,423,32.687,11
58.9,246.4,423,32.723,11
58.95,245.87,423,32.759,11
59,245.34,423,32.795,11
59.05,244.81,423,32.831,11
59.1,244.28,423,32.867,11
59.15,243.75,423,32.904,11
59.2,243.22,423,32.94,11
59.25,242.69,423,32.976,11
59.3,242.16,423,33.012,11
59.35,241.63,423,33.048,11
59.4,241.1,423,33.084,11
59.45,240.57,423,33.12,11
59.5,240.04,423,33.157,11
59.55,239.51,423,33.193,11
59.6,238.98,423,33.229,11
59.65,238.45,423,33.265,11
59.7,237.92,423,33.301,11
59.75,237.39,423,33.337,11
59.8,236.86,423,33.373,11
59.85,236.33,423,33.41,11
59.9,235.8,423,33.446,11
59.95,235.27,423,33.482,11
60,234.73,423,33.518,11
60.05,234.2,423,33.554,11
60.1,233.67,423,33.59,11
60.15,233.14,423,33.627,11
60.2,232.61,423,33.663,11
60.25,232.08,423,33.699,11
60.3,231.55,423,33.735,11
60.35,231.02,423,33.771,11
60.4,230.49,423,33.807,11
60.45,229.96,423,33.843,11
60.5,229.43,423,33.88,11
60.55,228.9,423,33.916,11
60.6,228.37,423,33.952,11
60.65,227.84,423,33.988,11
60.7,227.31,423,34.024,11
60.75,226.78,423,34.06,11
60.8,226.25,423,34.096,11
60.85,225.72,423,34.133,11
60.9,225.19,423,34.169,11
60.95,224.66,423,34.205,11
61,224.13,423,34.241,11
61.05,223.6,423,34.277,11
61.1,223.07,423,34.313,11
61.15,222.54,423,34.349,11
61.2,222.01,423,34.386,11
61.25,221.48,423,34.422,11
61.3,220.95,423,34.458,11
61.35,220.42,423,34.494,11
61.4,219.89,423,34.53,11
61.45,219.36,423,34.566,11
61.5,218.83,423,34.602,11
61.55,218.3,423,34.639,11
61.6,217.77,423,34.675,11
61.65,217.24,423,34.711,11
61.7,216.71,423,34.747,11
61.75,216.18,423,34.783,11
61.8,215.65,423,34.819,11
61.85,215.12,423,34.855,11
61.9,214.59,423,34.892,11
61.95,214.06,423,34.928,11
62,213.53,423,34.964,11
62.05,213,423,35,11
62.1,212.29,423,35.048,11.012
62.15,211.58,423,35.096,11.024
62.2,210.87,423,35.145,11.036
62.25,210.16,423,35.193,11.048
62.3,209.45,423,35.241,11.06
62.35,208.73,423,35.289,11.072
62.4,208.02,423,35.337,11.084
62.45,207.31,423,35.386,11.096
62.5,206.6,423,35.434,11.108
62.55,205.89,423,35.482,11.12
62.6,205.18,423,35.53,11.133
62.65,204.47,423,35.578,11.145
62.7,203.76,423,35.627,11.157
62.75,203.05,423,35.675,11.169
62.8,202.34,423,35.723,11.181
62.85,201.63,423,35.771,11.193
62.9,200.92,423,35.819,11.205
62.95,200.2,423,35.867,11.217
63,199.49,423,35.916,11.229
63.05,198.78,423,35.964,11.241
63.1,198.07,423,36.012,11.253
63.15,197.36,423,36.06,11.265
63.2,196.65,423,36.108,11.277
63.25,195.94,423,36.157,11.289
63.3,195.23,423,36.205,11.301
63.35,194.52,423,36.253,11.313
63.4,193.81,423,36.301,11.325
63.45,193.1,423,36.349,11.337
63.5,192.39,423,36.398,11.349
63.55,191.67,423,36.446,11.361
63.6,190.96,423,36.494,11.373
63.65,190.25,423,36.542,11.386
63.7,189.54,423,36.59,11.398
63.75,188.83,423,36.639,11.41
63.8,188.12,423,36.687,11.422
63.85,187.41,423,36.735,11.434
63.9,186.7,423,36.783,11.446
63.95,185.99,423,36.831,11.458
64,185.28,423,36.88,11.47
64.05,184.57,423,36.928,11.482
64.1,183.86,423,36.976,11.494
64.15,183.14,423,37.024,11.506
64.2,182.43,423,37.072,11.518
64.25,181.72,423,37.12,11.53
64.3,181.01,423,37.169,11.542
64.35,180.3,423,37.217,11.554
64.4,179.59,423,37.265,11.566
64.45,178.88,423,37.313,11.578
64.5,178.17,423,37.361,11.59
64.55,177.46,423,37.41,11.602
64.6,176.75,423,37.458,11.614
64.65,176.04,423,37.506,11.627
64.7,175.33,423,37.554,11.639
64.75,174.61,423,37.602,11.651
64.8,173.9,423,37.651,11.663
64.85,173.19,423,37.699,11.675
64.9,172.48,423,37.747,11.687
64.95,171.77,423,37.795,11.699
65,171.06,423,37.843,11.711
65.05,170.35,423,37.892,11.723
65.1,169.64,423,37.94,11.735
65.15,168.93,423,37.988,11.747
65.2,168.22,423,38.036,11.759
65.25,167.51,423,38.084,11.771
65.3,166.8,423,38.133,11.783
65.35,166.08,423,38.181,11.795
65.4,165.37,423,38.229,11.807
65.45,164.66,423,38.277,11.819
65.5,163.95,423,38.325,11.831
65.55,163.24,423,38.373,11.843
65.6,162.53,423,38.422,11.855
65.65,161.82,423,38.47,11.867
65.7,161.11,423,38.518,11.88
65.75,160.4,423,38.566,11.892
65.8,159.69,423,38.614,11.904
65.85,158.98,423,38.663,11.916
65.9,158.27,423,38.711,11.928
65.95,157.55,423,38.759,11.94
66,156.84,423,38.807,11.952
66.05,156.13,423,38.855,11.964
66.1,155.42,423,38.904,11.976
66.15,154.71,423,38.952,11.988
66.2,154,423,39,12
66.25,153.32,422.98,38.921,12.032
66.3,152.63,422.97,38.841,12.063
66.35,151.95,422.95,38.762,12.095
66.4,151.27,422.94,38.683,12.127
66.45,150.59,422.92,38.603,12.159
66.5,149.9,422.9,38.524,12.19
66.55,149.22,422.89,38.444,12.222
66.6,148.54,422.87,38.365,12.254
66.65,147.86,422.86,38.286,12.286
66.7,147.17,422.84,38.206,12.317
66.75,146.49,422.83,38.127,12.349
66.8,145.81,422.81,38.048,12.381
66.85,145.13,422.79,37.968,12.413
66.9,144.44,422.78,37.889,12.444
66.95,143.76,422.76,37.81,12.476
67,143.08,422.75,37.73,12.508
67.05,142.4,422.73,37.651,12.54
67.1,141.71,422.71,37.571,12.571
67.15,141.03,422.7,37.492,12.603
67.2,140.35,422.68,37.413,12.635
67.25,139.67,422.67,37.333,12.667
67.3,138.98,422.65,37.254,12.698
67.35,138.3,422.63,37.175,12.73
67.4,137.62,422.62,37.095,12.762
67.45,136.94,422.6,37.016,12.794
67.5,136.25,422.59,36.937,12.825
67.55,135.57,422.57,36.857,12.857
67.6,134.89,422.56,36.778,12.889
67.65,134.21,422.54,36.698,12.921
67.7,133.52,422.52,36.619,12.952
67.75,132.84,422.51,36.54,12.984
67.8,132.16,422.49,36.46,13.016
67.85,131.48,422.48,36.381,13.048
67.9,130.79,422.46,36.302,13.079
67.95,130.11,422.44,36.222,13.111
68,129.43,422.43,36.143,13.143
68.05,128.75,422.41,36.063,13.175
68.1,128.06,422.4,35.984,13.206
68.15,127.38,422.38,35.905,13.238
68.2,126.7,422.37,35.825,13.27
68.25,126.02,422.35,35.746,13.302
68.3,125.33,422.33,35.667,13.333
68.35,124.65,422.32,35.587,13.365
68.4,123.97,422.3,35.508,13.397
68.45,123.29,422.29,35.429,13.429
68.5,122.6,422.27,35.349,13.46
68.55,121.92,422.25,35.27,13.492
68.6,121.24,422.24,35.19,13.524
68.65,120.56,422.22,35.111,13.556
68.7,119.87,422.21,35.032,13.587
68.75,119.19,422.19,34.952,13.619
68.8,118.51,422.17,34.873,13.651
68.85,117.83,422.16,34.794,13.683
68.9,117.14,422.14,34.714,13.714
68.95,116.46,422.13,34.635,13.746
69,115.78,422.11,34.556,13.778
69.05,115.1,422.1,34.476,13.81
69.1,114.41,422.08,34.397,13.841
69.15,113.73,422.06,34.317,13.873
69.2,113.05,422.05,34.238,13.905
69.25,112.37,422.03,34.159,13.937
69.3,111.68,422.02,34.079,13.968
69.35,111,422,34,14
69.4,110.68,422.02,33.762,13.968
69.45,110.37,422.03,33.524,13.937
69.5,110.05,422.05,33.286,13.905
69.55,109.73,422.06,33.048,13.873
69.6,109.41,422.08,32.81,13.841
69.65,109.1,422.1,32.571,13.81
69.7,108.78,422.11,32.333,13.778
69.75,108.46,422.13,32.095,13.746
69.8,108.14,422.14,31.857,13.714
69.85,107.83,422.16,31.619,13.683
69.9,107.51,422.17,31.381,13.651
69.95,107.19,422.19,31.143,13.619
70,106.87,422.21,30.905,13.587
70.05,106.56,422.22,30.667,13.556
70.1,106.24,422.24,30.429,13.524
70.15,105.92,422.25,30.19,13.492
70.2,105.6,422.27,29.952,13.46
70.25,105.29,422.29,29.714,13.429
70.3,104.97,422.3,29.476,13.397
70.35,104.65,422.32,29.238,13.365
70.4,104.33,422.33,29,13.333
70.45,104.02,422.35,28.762,13.302
70.5,103.7,422.37,28.524,13.27
70.55,103.38,422.38,28.286,13.238
70.6,103.06,422.4,28.048,13.206
70.65,102.75,422.41,27.81,13.175
70.7,102.43,422.43,27.571,13.143
70.75,102.11,422.44,27.333,13.111
70.8,101.79,422.46,27.095,13.079
70.85,101.48,422.48,26.857,13.048
70.9,101.16,422.49,26.619,13.016
70.95,100.84,422.51,26.381,12.984
71,100.52,422.52,26.143,12.952
71.05,100.21,422.54,25.905,12.921
71.1,99.889,422.56,25.667,12.889
71.15,99.571,422.57,25.429,12.857
71.2,99.254,422.59,25.19,12.825
71.25,98.937,422.6,24.952,12.794
71.3,98.619,422.62,24.714,12.762
71.35,98.302,422.63,24.476,12.73
71.4,97.984,422.65,24.238,12.698
71.45,97.667,422.67,24,12.667
71.5,97.349,422.68,23.762,12.635
71.55,97.032,422.7,23.524,12.603
71.6,96.714,422.71,23.286,12.571
71.65,96.397,422.73,23.048,12.54
71.7,96.079,422.75,22.81,12.508
71.75,95.762,422.76,22.571,12.476
71.8,95.444,422.78,22.333,12.444
71.85,95.127,422.79,22.095,12.413
71.9,94.81,422.81,21.857,12.381
71.95,94.492,422.83,21.619,12.349
72,94.175,422.84,21.381,12.317
72.05,93.857,422.86,21.143,12.286
72.1,93.54,422.87,20.905,12.254
72.15,93.222,422.89,20.667,12.222
72.2,92.905,422.9,20.429,12.19
72.25,92.587,422.92,20.19,12.159
72.3,92.27,422.94,19.952,12.127
72.35,91.952,422.95,19.714,12.095
72.4,91.635,422.97,19.476,12.063
72.45,91.317,422.98,19.238,12.032
72.5,91,423,19,12
72.55,91.054,423.04,19.054,12.032
72.6,91.108,423.09,19.108,12.065
72.65,91.161,423.13,19.161,12.097
72.7,91.215,423.17,19.215,12.129
72.75,91.269,423.22,19.269,12.161
72.8,91.323,423.26,19.323,12.194
72.85,91.376,423.3,19.376,12.226
72.9,91.43,423.34,19.43,12.258
72.95,91.484,423.39,19.484,12.29
73,91.538,423.43,19.538,12.323
73.05,91.591,423.47,19.591,12.355
73.1,91.645,423.52,19.645,12.387
73.15,91.699,423.56,19.699,12.419
73.2,91.753,423.6,19.753,12.452
73.25,91.806,423.65,19.806,12.484
73.3,91.86,423.69,19.86,12.516
73.35,91.914,423.73,19.914,12.548
73.4,91.968,423.77,19.968,12.581
73.45,92.022,423.82,20.022,12.613
73.5,92.075,423.86,20.075,12.645
73.55,92.129,423.9,20.129,12.677
73.6,92.183,423.95,20.183,12.71
73.65,92.237,423.99,20.237,12.742
73.7,92.29,424.03,20.29,12.774
73.75,92.344,424.08,20.344,12.806
73.8,92.398,424.12,20.398,12.839
73.85,92.452,424.16,20.452,12.871
73.9,92.505,424.2,20.505,12.903
73.95,92.559,424.25,20.559,12.935
74,92.613,424.29,20.613,12.968
74.05,92.667,424.33,20.667,13
74.1,92.72,424.38,20.72,13.032
74.15,92.774,424.42,20.774,13.065
74.2,92.828,424.46,20.828,13.097
74.25,92.882,424.51,20.882,13.129
74.3,92.935,424.55,20.935,13.161
74.35,92.989,424.59,20.989,13.194
74.4,93.043,424.63,21.043,13.226
74.45,93.097,424.68,21.097,13.258
74.5,93.151,424.72,21.151,13.29
74.55,93.204,424.76,21.204,13.323
74.6,93.258,424.81,21.258,13.355
74.65,93.312,424.85,21.312,13.387
74.7,93.366,424.89,21.366,13.419
74.75,93.419,424.94,21.419,13.452
74.8,93.473,424.98,21.473,13.484
74.85,93.527,425.02,21.527,13.516
74.9,93.581,425.06,21.581,13.548
74.95,93.634,425.11,21.634,13.581
75,93.688,425.15,21.688,13.613
75.05,93.742,425.19,21.742,13.645
75.1,93.796,425.24,21.796,13.677
75.15,93.849,425.28,21.849,13.71
75.2,93.903,425.32,21.903,13.742
75.25,93.957,425.37,21.957,13.774
75.3,94.011,425.41,22.011,13.806
75.35,94.065,425.45,22.065,13.839
75.4,94.118,425.49,22.118,13.871
75.45,94.172,425.54,22.172,13.903
75.5,94.226,425.58,22.226,13.935
75.55,94.28,425.62,22.28,13.968
75.6,94.333,425.67,22.333,14
75.65,94.387,425.71,22.387,14.032
75.7,94.441,425.75,22.441,14.065
75.75,94.495,425.8,22.495,14.097
75.8,94.548,425.84,22.548,14.129
75.85,94.602,425.88,22.602,14.161
75.9,94.656,425.92,22.656,14.194
75.95,94.71,425.97,22.71,14.226
76,94.763,426.01,22.763,14.258
76.05,94.817,426.05,22.817,14.29
76.1,94.871,426.1,22.871,14.323
76.15,94.925,426.14,22.925,14.355
76.2,94.978,426.18,22.978,14.387
76.25,95.032,426.23,23.032,14.419
76.3,95.086,426.27,23.086,14.452
76.35,95.14,426.31,23.14,14.484
76.4,95.194,426.35,23.194,14.516
76.45,95.247,426.4,23.247,14.548
76.5,95.301,426.44,23.301,14.581
76.55,95.355,426.48,23.355,14.613
76.6,95.409,426.53,23.409,14.645
76.65,95.462,426.57,23.462,14.677
76.7,95.516,426.61,23.516,14.71
76.75,95.57,426.66,23.57,14.742
76.8,95.624,426.7,23.624,14.774
76.85,95.677,426.74,23.677,14.806
76.9,95.731,426.78,23.731,14.839
76.95,95.785,426.83,23.785,14.871
77,95.839,426.87,23.839,14.903
77.05,95.892,426.91,23.892,14.935
77.1,95.946,426.96,23.946,14.968
77.15,96,427,24,15
77.2,96.147,427.09,24.053,15
77.25,96.293,427.19,24.107,15
77.3,96.44,427.28,24.16,15
77.35,96.587,427.37,24.213,15
77.4,96.733,427.47,24.267,15
77.45,96.88,427.56,24.32,15
77.5,97.027,427.65,24.373,15
77.55,97.173,427.75,24.427,15
77.6,97.32,427.84,24.48,15
77.65,97.467,427.93,24.533,15
77.7,97.613,428.03,24.587,15
77.75,97.76,428.12,24.64,15
77.8,97.907,428.21,24.693,15
77.85,98.053,428.31,24.747,15
77.9,98.2,428.4,24.8,15
77.95,98.347,428.49,24.853,15
78,98.493,428.59,24.907,15
78.05,98.64,428.68,24.96,15
78.1,98.787,428.77,25.013,15
78.15,98.933,428.87,25.067,15
78.2,99.08,428.96,25.12,15
78.25,99.227,429.05,25.173,15
78.3,99.373,429.15,25.227,15
78.35,99.52,429.24,25.28,15
78.4,99.667,429.33,25.333,15
78.45,99.813,429.43,25.387,15
78.5,99.96,429.52,25.44,15
78.55,100.11,429.61,25.493,15
78.6,100.25,429.71,25.547,15
78.65,100.4,429.8,25.6,15
78.7,100.55,429.89,25.653,15
78.75,100.69,429.99,25.707,15
78.8,100.84,430.08,25.76,15
78.85,100.99,430.17,25.813,15
78.9,101.13,430.27,25.867,15
78.95,101.28,430.36,25.92,15
79,101.43,430.45,25.973,15
79.05,101.57,430.55,26.027,15
79.1,101.72,430.64,26.08,15
79.15,101.87,430.73,26.133,15
79.2,102.01,430.83,26.187,15
79.25,102.16,430.92,26.24,15
79.3,102.31,431.01,26.293,15
79.35,102.45,431.11,26.347,15
79.4,102.6,431.2,26.4,15
79.45,102.75,431.29,26.453,15
79.5,102.89,431.39,26.507,15
79.55,103.04,431.48,26.56,15
79.6,103.19,431.57,26.613,15
79.65,103.33,431.67,26.667,15
79.7,103.48,431.76,26.72,15
79.75,103.63,431.85,26.773,15
79.8,103.77,431.95,26.827,15
79.85,103.92,432.04,26.88,15
79.9,104.07,432.13,26.933,15
79.95,104.21,432.23,26.987,15
80,104.36,432.32,27.04,15
80.05,104.51,432.41,27.093,15
80.1,104.65,432.51,27.147,15
80.15,104.8,432.6,27.2,15
80.2,104.95,432.69,27.253,15
80.25,105.09,432.79,27.307,15
80.3,105.24,432.88,27.36,15
80.35,105.39,432.97,27.413,15
80.4,105.53,433.07,27.467,15
80.45,105.68,433.16,27.52,15
80.5,105.83,433.25,27.573,15
80.55,105.97,433.35,27.627,15
80.6,106.12,433.44,27.68,15
80.65,106.27,433.53,27.733,15
80.7,106.41,433.63,27.787,15
80.75,106.56,433.72,27.84,15
80.8,106.71,433.81,27.893,15
80.85,106.85,433.91,27.947,15
80.9,107,434,28,15
80.95,107.2,434.09,28.086,15.009
81,107.4,434.17,28.172,15.017
81.05,107.59,434.26,28.259,15.026
81.1,107.79,434.34,28.345,15.034
81.15,107.99,434.43,28.431,15.043
81.2,108.19,434.52,28.517,15.052
81.25,108.39,434.6,28.603,15.06
81.3,108.59,434.69,28.69,15.069
81.35,108.78,434.78,28.776,15.078
81.4,108.98,434.86,28.862,15.086
81.45,109.18,434.95,28.948,15.095
81.5,109.38,435.03,29.034,15.103
81.55,109.58,435.12,29.121,15.112
81.6,109.78,435.21,29.207,15.121
81.65,109.97,435.29,29.293,15.129
81.7,110.17,435.38,29.379,15.138
81.75,110.37,435.47,29.466,15.147
81.8,110.57,435.55,29.552,15.155
81.85,110.77,435.64,29.638,15.164
81.9,110.97,435.72,29.724,15.172
81.95,111.16,435.81,29.81,15.181
82,111.36,435.9,29.897,15.19
82.05,111.56,435.98,29.983,15.198
82.1,111.76,436.07,30.069,15.207
82.15,111.96,436.16,30.155,15.216
82.2,112.16,436.24,30.241,15.224
82.25,112.35,436.33,30.328,15.233
82.3,112.55,436.41,30.414,15.241
82.35,112.75,436.5,30.5,15.25
82.4,112.95,436.59,30.586,15.259
82.45,113.15,436.67,30.672,15.267
82.5,113.34,436.76,30.759,15.276
82.55,113.54,436.84,30.845,15.284
82.6,113.74,436.93,30.931,15.293
82.65,113.94,437.02,31.017,15.302
82.7,114.14,437.1,31.103,15.31
82.75,114.34,437.19,31.19,15.319
82.8,114.53,437.28,31.276,15.328
82.85,114.73,437.36,31.362,15.336
82.9,114.93,437.45,31.448,15.345
82.95,115.13,437.53,31.534,15.353
83,115.33,437.62,31.621,15.362
83.05,115.53,437.71,31.707,15.371
83.1,115.72,437.79,31.793,15.379
83.15,115.92,437.88,31.879,15.388
83.2,116.12,437.97,31.966,15.397
83.25,116.32,438.05,32.052,15.405
83.3,116.52,438.14,32.138,15.414
83.35,116.72,438.22,32.224,15.422
83.4,116.91,438.31,32.31,15.431
83.45,117.11,438.4,32.397,15.44
83.5,117.31,438.48,32.483,15.448
83.55,117.51,438.57,32.569,15.457
83.6,117.71,438.66,32.655,15.466
83.65,117.91,438.74,32.741,15.474
83.7,118.1,438.83,32.828,15.483
83.75,118.3,438.91,32.914,15.491
83.8,118.5,439,33,15.5
83.85,118.7,439.09,33.086,15.509
83.9,118.9,439.17,33.172,15.517
83.95,119.09,439.26,33.259,15.526
84,119.29,439.34,33.345,15.534
84.05,119.49,439.43,33.431,15.543
84.1,119.69,439.52,33.517,15.552
84.15,119.89,439.6,33.603,15.56
84.2,120.09,439.69,33.69,15.569
84.25,120.28,439.78,33.776,15.578
84.3,120.48,439.86,33.862,15.586
84.35,120.68,439.95,33.948,15.595
84.4,120.88,440.03,34.034,15.603
84.45,121.08,440.12,34.121,15.612
84.5,121.28,440.21,34.207,15.621
84.55,121.47,440.29,34.293,15.629
84.6,121.67,440.38,34.379,15.638
84.65,121.87,440.47,34.466,15.647
84.7,122.07,440.55,34.552,15.655
84.75,122.27,440.64,34.638,15.664
84.8,122.47,440.72,34.724,15.672
84.85,122.66,440.81,34.81,15.681
84.9,122.86,440.9,34.897,15.69
84.95,123.06,440.98,34.983,15.698
85,123.26,441.07,35.069,15.707
85.05,123.46,441.16,35.155,15.716
85.1,123.66,441.24,35.241,15.724
85.15,123.85,441.33,35.328,15.733
85.2,124.05,441.41,35.414,15.741
85.25,124.25,441.5,35.5,15.75
85.3,124.45,441.59,35.586,15.759
85.35,124.65,441.67,35.672,15.767
85.4,124.84,441.76,35.759,15.776
85.45,125.04,441.84,35.845,15.784
85.5,125.24,441.93,35.931,15.793
85.55,125.44,442.02,36.017,15.802
85.6,125.64,442.1,36.103,15.81
85.65,125.84,442.19,36.19,15.819
85.7,126.03,442.28,36.276,15.828
85.75,126.23,442.36,36.362,15.836
85.8,126.43,442.45,36.448,15.845
85.85,126.63,442.53,36.534,15.853
85.9,126.83,442.62,36.621,15.862
85.95,127.03,442.71,36.707,15.871
86,127.22,442.79,36.793,15.879
86.05,127.42,442.88,36.879,15.888
86.1,127.62,442.97,36.966,15.897
86.15,127.82,443.05,37.052,15.905
86.2,128.02,443.14,37.138,15.914
86.25,128.22,443.22,37.224,15.922
86.3,128.41,443.31,37.31,15.931
86.35,128.61,443.4,37.397,15.94
86.4,128.81,443.48,37.483,15.948
86.45,129.01,443.57,37.569,15.957
86.5,129.21,443.66,37.655,15.966
86.55,129.41,443.74,37.741,15.974
86.6,129.6,443.83,37.828,15.983
86.65,129.8,443.91,37.914,15.991
86.7,130,444,38,16
86.75,130.36,444.04,38.104,16.082
86.8,130.72,444.07,38.209,16.164
86.85,131.07,444.11,38.313,16.246
86.9,131.43,444.15,38.418,16.328
86.95,131.79,444.19,38.522,16.41
87,132.15,444.22,38.627,16.493
87.05,132.51,444.26,38.731,16.575
87.1,132.87,444.3,38.836,16.657
87.15,133.22,444.34,38.94,16.739
87.2,133.58,444.37,39.045,16.821
87.25,133.94,444.41,39.149,16.903
87.3,134.3,444.45,39.254,16.985
87.35,134.66,444.49,39.358,17.067
87.4,135.01,444.52,39.463,17.149
87.45,135.37,444.56,39.567,17.231
87.5,135.73,444.6,39.672,17.313
87.55,136.09,444.63,39.776,17.396
87.6,136.45,444.67,39.881,17.478
87.65,136.81,444.71,39.985,17.56
87.7,137.16,444.75,40.09,17.642
87.75,137.52,444.78,40.194,17.724
87.8,137.88,444.82,40.299,17.806
87.85,138.24,444.86,40.403,17.888
87.9,138.6,444.9,40.507,17.97
87.95,138.96,444.93,40.612,18.052
88,139.31,444.97,40.716,18.134
88.05,139.67,445.01,40.821,18.216
88.1,140.03,445.04,40.925,18.299
88.15,140.39,445.08,41.03,18.381
88.2,140.75,445.12,41.134,18.463
88.25,141.1,445.16,41.239,18.545
88.3,141.46,445.19,41.343,18.627
88.35,141.82,445.23,41.448,18.709
88.4,142.18,445.27,41.552,18.791
88.45,142.54,445.31,41.657,18.873
88.5,142.9,445.34,41.761,18.955
88.55,143.25,445.38,41.866,19.037
88.6,143.61,445.42,41.97,19.119
88.65,143.97,445.46,42.075,19.201
88.7,144.33,445.49,42.179,19.284
88.75,144.69,445.53,42.284,19.366
88.8,145.04,445.57,42.388,19.448
88.85,145.4,445.6,42.493,19.53
88.9,145.76,445.64,42.597,19.612
88.95,146.12,445.68,42.701,19.694
89,146.48,445.72,42.806,19.776
89.05,146.84,445.75,42.91,19.858
89.1,147.19,445.79,43.015,19.94
89.15,147.55,445.83,43.119,20.022
89.2,147.91,445.87,43.224,20.104
89.25,148.27,445.9,43.328,20.187
89.3,148.63,445.94,43.433,20.269
89.35,148.99,445.98,43.537,20.351
89.4,149.34,446.01,43.642,20.433
89.45,149.7,446.05,43.746,20.515
89.5,150.06,446.09,43.851,20.597
89.55,150.42,446.13,43.955,20.679
89.6,150.78,446.16,44.06,20.761
89.65,151.13,446.2,44.164,20.843
89.7,151.49,446.24,44.269,20.925
89.75,151.85,446.28,44.373,21.007
89.8,152.21,446.31,44.478,21.09
89.85,152.57,446.35,44.582,21.172
89.9,152.93,446.39,44.687,21.254
89.95,153.28,446.43,44.791,21.336
90,153.64,446.46,44.896,21.418
90.05,154,446.5,45,21.5
90.1,154.36,446.54,45.104,21.582
90.15,154.72,446.57,45.209,21.664
90.2,155.07,446.61,45.313,21.746
90.25,155.43,446.65,45.418,21.828
90.3,155.79,446.69,45.522,21.91
90.35,156.15,446.72,45.627,21.993
90.4,156.51,446.76,45.731,22.075
90.45,156.87,446.8,45.836,22.157
90.5,157.22,446.84,45.94,22.239
90.55,157.58,446.87,46.045,22.321
90.6,157.94,446.91,46.149,22.403
90.65,158.3,446.95,46.254,22.485
90.7,158.66,446.99,46.358,22.567
90.75,159.01,447.02,46.463,22.649
90.8,159.37,447.06,46.567,22.731
90.85,159.73,447.1,46.672,22.813
90.9,160.09,447.13,46.776,22.896
90.95,160.45,447.17,46.881,22.978
91,160.81,447.21,46.985,23.06
91.05,161.16,447.25,47.09,23.142
91.1,161.52,447.28,47.194,23.224
91.15,161.88,447.32,47.299,23.306
91.2,162.24,447.36,47.403,23.388
91.25,162.6,447.4,47.507,23.47
91.3,162.96,447.43,47.612,23.552
91.35,163.31,447.47,47.716,23.634
91.4,163.67,447.51,47.821,23.716
91.45,164.03,447.54,47.925,23.799
91.5,164.39,447.58,48.03,23.881
91.55,164.75,447.62,48.134,23.963
91.6,165.1,447.66,48.239,24.045
91.65,165.46,447.69,48.343,24.127
91.7,165.82,447.73,48.448,24.209
91.75,166.18,447.77,48.552,24.291
91.8,166.54,447.81,48.657,24.373
91.85,166.9,447.84,48.761,24.455
91.9,167.25,447.88,48.866,24.537
91.95,167.61,447.92,48.97,24.619
92,167.97,447.96,49.075,24.701
92.05,168.33,447.99,49.179,24.784
92.1,168.69,448.03,49.284,24.866
92.15,169.04,448.07,49.388,24.948
92.2,169.4,448.1,49.493,25.03
92.25,169.76,448.14,49.597,25.112
92.3,170.12,448.18,49.701,25.194
92.35,170.48,448.22,49.806,25.276
92.4,170.84,448.25,49.91,25.358
92.45,171.19,448.29,50.015,25.44
92.5,171.55,448.33,50.119,25.522
92.55,171.91,448.37,50.224,25.604
92.6,172.27,448.4,50.328,25.687
92.65,172.63,448.44,50.433,25.769
92.7,172.99,448.48,50.537,25.851
92.75,173.34,448.51,50.642,25.933
92.8,173.7,448.55,50.746,26.015
92.85,174.06,448.59,50.851,26.097
92.9,174.42,448.63,50.955,26.179
92.95,174.78,448.66,51.06,26.261
93,175.13,448.7,51.164,26.343
93.05,175.49,448.74,51.269,26.425
93.1,175.85,448.78,51.373,26.507
93.15,176.21,448.81,51.478,26.59
93.2,176.57,448.85,51.582,26.672
93.25,176.93,448.89,51.687,26.754
93.3,177.28,448.93,51.791,26.836
93.35,177.64,448.96,51.896,26.918
93.4,178,449,52,27
93.45,178.43,449.11,52.038,27.012
93.5,178.85,449.23,52.075,27.025
93.55,179.28,449.34,52.113,27.037
93.6,179.7,449.45,52.15,27.05
93.65,180.13,449.56,52.188,27.062
93.7,180.55,449.68,52.225,27.075
93.75,180.98,449.79,52.263,27.087
93.8,181.4,449.9,52.3,27.1
93.85,181.83,450.01,52.338,27.112
93.9,182.25,450.13,52.375,27.125
93.95,182.68,450.24,52.413,27.137
94,183.1,450.35,52.45,27.15
94.05,183.53,450.46,52.488,27.162
94.1,183.95,450.58,52.525,27.175
94.15,184.38,450.69,52.563,27.187
94.2,184.8,450.8,52.6,27.2
94.25,185.23,450.91,52.638,27.212
94.3,185.65,451.03,52.675,27.225
94.35,186.08,451.14,52.713,27.237
94.4,186.5,451.25,52.75,27.25
94.45,186.93,451.36,52.788,27.262
94.5,187.35,451.48,52.825,27.275
94.55,187.78,451.59,52.863,27.287
94.6,188.2,451.7,52.9,27.3
94.65,188.63,451.81,52.938,27.312
94.7,189.05,451.93,52.975,27.325
94.75,189.48,452.04,53.013,27.337
94.8,189.9,452.15,53.05,27.35
94.85,190.33,452.26,53.088,27.362
94.9,190.75,452.38,53.125,27.375
94.95,191.18,452.49,53.163,27.387
95,191.6,452.6,53.2,27.4
95.05,192.03,452.71,53.238,27.412
95.1,192.45,452.83,53.275,27.425
95.15,192.88,452.94,53.313,27.437
95.2,193.3,453.05,53.35,27.45
95.25,193.73,453.16,53.388,27.462
95.3,194.15,453.28,53.425,27.475
95.35,194.58,453.39,53.463,27.487
95.4,195,453.5,53.5,27.5
95.45,195.43,453.61,53.538,27.512
95.5,195.85,453.73,53.575,27.525
95.55,196.28,453.84,53.613,27.537
95.6,196.7,453.95,53.65,27.55
95.65,197.13,454.06,53.688,27.562
95.7,197.55,454.18,53.725,27.575
95.75,197.98,454.29,53.763,27.587
95.8,198.4,454.4,53.8,27.6
95.85,198.83,454.51,53.838,27.612
95.9,199.25,454.63,53.875,27.625
95.95,199.68,454.74,53.913,27.637
96,200.1,454.85,53.95,27.65
96.05,200.53,454.96,53.988,27.662
96.1,200.95,455.08,54.025,27.675
96.15,201.38,455.19,54.063,27.687
96.2,201.8,455.3,54.1,27.7
96.25,202.23,455.41,54.138,27.712
96.3,202.65,455.53,54.175,27.725
96.35,203.08,455.64,54.213,27.737
96.4,203.5,455.75,54.25,27.75
96.45,203.93,455.86,54.288,27.762
96.5,204.35,455.98,54.325,27.775
96.55,204.78,456.09,54.363,27.787
96.6,205.2,456.2,54.4,27.8
96.65,205.63,456.31,54.438,27.812
96.7,206.05,456.43,54.475,27.825
96.75,206.48,456.54,54.513,27.837
96.8,206.9,456.65,54.55,27.85
96.85,207.33,456.76,54.588,27.862
96.9,207.75,456.88,54.625,27.875
96.95,208.18,456.99,54.663,27.887
97,208.6,457.1,54.7,27.9
97.05,209.03,457.21,54.738,27.912
97.1,209.45,457.33,54.775,27.925
97.15,209.88,457.44,54.813,27.937
97.2,210.3,457.55,54.85,27.95
97.25,210.73,457.66,54.888,27.962
97.3,211.15,457.78,54.925,27.975
97.35,211.58,457.89,54.963,27.987
97.4,212,458,55,28
97.45,212.42,458.11,55.345,28.115
97.5,212.83,458.21,55.69,28.23
97.55,213.25,458.32,56.035,28.345
97.6,213.66,458.42,56.381,28.46
97.65,214.08,458.53,56.726,28.575
97.7,214.5,458.64,57.071,28.69
97.75,214.91,458.74,57.416,28.805
97.8,215.33,458.85,57.761,28.92
97.85,215.74,458.96,58.106,29.035
97.9,216.16,459.06,58.451,29.15
97.95,216.58,459.17,58.796,29.265
98,216.99,459.27,59.142,29.381
98.05,217.41,459.38,59.487,29.496
98.1,217.82,459.49,59.832,29.611
98.15,218.24,459.59,60.177,29.726
98.2,218.65,459.7,60.522,29.841
98.25,219.07,459.81,60.867,29.956
98.3,219.49,459.91,61.212,30.071
98.35,219.9,460.02,61.558,30.186
98.4,220.32,460.12,61.903,30.301
98.45,220.73,460.23,62.248,30.416
98.5,221.15,460.34,62.593,30.531
98.55,221.57,460.44,62.938,30.646
98.6,221.98,460.55,63.283,30.761
98.65,222.4,460.65,63.628,30.876
98.7,222.81,460.76,63.973,30.991
98.75,223.23,460.87,64.319,31.106
98.8,223.65,460.97,64.664,31.221
98.85,224.06,461.08,65.009,31.336
98.9,224.48,461.19,65.354,31.451
98.95,224.89,461.29,65.699,31.566
99,225.31,461.4,66.044,31.681
99.05,225.73,461.5,66.389,31.796
99.1,226.14,461.61,66.735,31.912
99.15,226.56,461.72,67.08,32.027
99.2,226.97,461.82,67.425,32.142
99.25,227.39,461.93,67.77,32.257
99.3,227.81,462.04,68.115,32.372
99.35,228.22,462.14,68.46,32.487
99.4,228.64,462.25,68.805,32.602
99.45,229.05,462.35,69.15,32.717
99.5,229.47,462.46,69.496,32.832
99.55,229.88,462.57,69.841,32.947
99.6,230.3,462.67,70.186,33.062
99.65,230.72,462.78,70.531,33.177
99.7,231.13,462.88,70.876,33.292
99.75,231.55,462.99,71.221,33.407
99.8,231.96,463.1,71.566,33.522
99.85,232.38,463.2,71.912,33.637
99.9,232.8,463.31,72.257,33.752
99.95,233.21,463.42,72.602,33.867
100,233.63,463.52,72.947,33.982
100.05,234.04,463.63,73.292,34.097
100.1,234.46,463.73,73.637,34.212
100.15,234.88,463.84,73.982,34.327
100.2,235.29,463.95,74.327,34.442
100.25,235.71,464.05,74.673,34.558
100.3,236.12,464.16,75.018,34.673
100.35,236.54,464.27,75.363,34.788
100.4,236.96,464.37,75.708,34.903
100.45,237.37,464.48,76.053,35.018
100.5,237.79,464.58,76.398,35.133
100.55,238.2,464.69,76.743,35.248
100.6,238.62,464.8,77.088,35.363
100.65,239.04,464.9,77.434,35.478
100.7,239.45,465.01,77.779,35.593
100.75,239.87,465.12,78.124,35.708
100.8,240.28,465.22,78.469,35.823
100.85,240.7,465.33,78.814,35.938
100.9,241.12,465.43,79.159,36.053
100.95,241.53,465.54,79.504,36.168
101,241.95,465.65,79.85,36.283
101.05,242.36,465.75,80.195,36.398
101.1,242.78,465.86,80.54,36.513
101.15,243.19,465.96,80.885,36.628
101.2,243.61,466.07,81.23,36.743
101.25,244.03,466.18,81.575,36.858
101.3,244.44,466.28,81.92,36.973
101.35,244.86,466.39,82.265,37.088
101.4,245.27,466.5,82.611,37.204
101.45,245.69,466.6,82.956,37.319
101.5,246.11,466.71,83.301,37.434
101.55,246.52,466.81,83.646,37.549
101.6,246.94,466.92,83.991,37.664
101.65,247.35,467.03,84.336,37.779
101.7,247.77,467.13,84.681,37.894
101.75,248.19,467.24,85.027,38.009
101.8,248.6,467.35,85.372,38.124
101.85,249.02,467.45,85.717,38.239
101.9,249.43,467.56,86.062,38.354
101.95,249.85,467.66,86.407,38.469
102,250.27,467.77,86.752,38.584
102.05,250.68,467.88,87.097,38.699
102.1,251.1,467.98,87.442,38.814
102.15,251.51,468.09,87.788,38.929
102.2,251.93,468.19,88.133,39.044
102.25,252.35,468.3,88.478,39.159
102.3,252.76,468.41,88.823,39.274
102.35,253.18,468.51,89.168,39.389
102.4,253.59,468.62,89.513,39.504
102.45,254.01,468.73,89.858,39.619
102.5,254.42,468.83,90.204,39.735
102.55,254.84,468.94,90.549,39.85
102.6,255.26,469.04,90.894,39.965
102.65,255.67,469.15,91.239,40.08
102.7,256.09,469.26,91.584,40.195
102.75,256.5,469.36,91.929,40.31
102.8,256.92,469.47,92.274,40.425
102.85,257.34,469.58,92.619,40.54
102.9,257.75,469.68,92.965,40.655
102.95,258.17,469.79,93.31,40.77
103,258.58,469.89,93.655,40.885
103.05,259,470,94,41
103.1,259.95,470.15,94.702,41.145
103.15,260.89,470.31,95.405,41.29
103.2,261.84,470.46,96.107,41.435
103.25,262.79,470.61,96.809,41.58
103.3,263.73,470.76,97.511,41.725
103.35,264.68,470.92,98.214,41.87
103.4,265.63,471.07,98.916,42.015
103.45,266.57,471.22,99.618,42.16
103.5,267.52,471.37,100.32,42.305
103.55,268.47,471.53,101.02,42.45
103.6,269.41,471.68,101.73,42.595
103.65,270.36,471.83,102.43,42.74
103.7,271.31,471.98,103.13,42.885
103.75,272.25,472.14,103.83,43.031
103.8,273.2,472.29,104.53,43.176
103.85,274.15,472.44,105.24,43.321
103.9,275.09,472.6,105.94,43.466
103.95,276.04,472.75,106.64,43.611
104,276.98,472.9,107.34,43.756
104.05,277.93,473.05,108.05,43.901
104.1,278.88,473.21,108.75,44.046
104.15,279.82,473.36,109.45,44.191
104.2,280.77,473.51,110.15,44.336
104.25,281.72,473.66,110.85,44.481
104.3,282.66,473.82,111.56,44.626
104.35,283.61,473.97,112.26,44.771
104.4,284.56,474.12,112.96,44.916
104.45,285.5,474.27,113.66,45.061
104.5,286.45,474.43,114.37,45.206
104.55,287.4,474.58,115.07,45.351
104.6,288.34,474.73,115.77,45.496
104.65,289.29,474.89,116.47,45.641
104.7,290.24,475.04,117.18,45.786
104.75,291.18,475.19,117.88,45.931
104.8,292.13,475.34,118.58,46.076
104.85,293.08,475.5,119.28,46.221
104.9,294.02,475.65,119.98,46.366
104.95,294.97,475.8,120.69,46.511
105,295.92,475.95,121.39,46.656
105.05,296.86,476.11,122.09,46.802
105.1,297.81,476.26,122.79,46.947
105.15,298.76,476.41,123.5,47.092
105.2,299.7,476.56,124.2,47.237
105.25,300.65,476.72,124.9,47.382
105.3,301.6,476.87,125.6,47.527
105.35,302.54,477.02,126.31,47.672
105.4,303.49,477.18,127.01,47.817
105.45,304.44,477.33,127.71,47.962
105.5,305.38,477.48,128.41,48.107
105.55,306.33,477.63,129.11,48.252
105.6,307.27,477.79,129.82,48.397
105.65,308.22,477.94,130.52,48.542
105.7,309.17,478.09,131.22,48.687
105.75,310.11,478.24,131.92,48.832
105.8,311.06,478.4,132.63,48.977
105.85,312.01,478.55,133.33,49.122
105.9,312.95,478.7,134.03,49.267
105.95,313.9,478.85,134.73,49.412
106,314.85,479.01,135.44,49.557
106.05,315.79,479.16,136.14,49.702
106.1,316.74,479.31,136.84,49.847
106.15,317.69,479.47,137.54,49.992
106.2,318.63,479.62,138.24,50.137
106.25,319.58,479.77,138.95,50.282
106.3,320.53,479.92,139.65,50.427
106.35,321.47,480.08,140.35,50.573
106.4,322.42,480.23,141.05,50.718
106.45,323.37,480.38,141.76,50.863
106.5,324.31,480.53,142.46,51.008
106.55,325.26,480.69,143.16,51.153
106.6,326.21,480.84,143.86,51.298
106.65,327.15,480.99,144.56,51.443
106.7,328.1,481.15,145.27,51.588
106.75,329.05,481.3,145.97,51.733
106.8,329.99,481.45,146.67,51.878
106.85,330.94,481.6,147.37,52.023
106.9,331.89,481.76,148.08,52.168
106.95,332.83,481.91,148.78,52.313
107,333.78,482.06,149.48,52.458
107.05,334.73,482.21,150.18,52.603
107.1,335.67,482.37,150.89,52.748
107.15,336.62,482.52,151.59,52.893
107.2,337.56,482.67,152.29,53.038
107.25,338.51,482.82,152.99,53.183
107.3,339.46,482.98,153.69,53.328
107.35,340.4,483.13,154.4,53.473
107.4,341.35,483.28,155.1,53.618
107.45,342.3,483.44,155.8,53.763
107.5,343.24,483.59,156.5,53.908
107.55,344.19,483.74,157.21,54.053
107.6,345.14,483.89,157.91,54.198
107.65,346.08,484.05,158.61,54.344
107.7,347.03,484.2,159.31,54.489
107.75,347.98,484.35,160.02,54.634
107.8,348.92,484.5,160.72,54.779
107.85,349.87,484.66,161.42,54.924
107.9,350.82,484.81,162.12,55.069
107.95,351.76,484.96,162.82,55.214
108,352.71,485.11,163.53,55.359
108.05,353.66,485.27,164.23,55.504
108.1,354.6,485.42,164.93,55.649
108.15,355.55,485.57,165.63,55.794
108.2,356.5,485.73,166.34,55.939
108.25,357.44,485.88,167.04,56.084
108.3,358.39,486.03,167.74,56.229
108.35,359.34,486.18,168.44,56.374
108.4,360.28,486.34,169.15,56.519
108.45,361.23,486.49,169.85,56.664
108.5,362.18,486.64,170.55,56.809
108.55,363.12,486.79,171.25,56.954
108.6,364.07,486.95,171.95,57.099
108.65,365.02,487.1,172.66,57.244
108.7,365.96,487.25,173.36,57.389
108.75,366.91,487.4,174.06,57.534
108.8,367.85,487.56,174.76,57.679
108.85,368.8,487.71,175.47,57.824
108.9,369.75,487.86,176.17,57.969
108.95,370.69,488.02,176.87,58.115
109,371.64,488.17,177.57,58.26
109.05,372.59,488.32,178.27,58.405
109.1,373.53,488.47,178.98,58.55
109.15,374.48,488.63,179.68,58.695
109.2,375.43,488.78,180.38,58.84
109.25,376.37,488.93,181.08,58.985
109.3,377.32,489.08,181.79,59.13
109.35,378.27,489.24,182.49,59.275
109.4,379.21,489.39,183.19,59.42
109.45,380.16,489.54,183.89,59.565
109.5,381.11,489.69,184.6,59.71
109.55,382.05,489.85,185.3,59.855
109.6,383,490,186,60
109.65,385,490.16,186.63,59.977
109.7,387,490.32,187.25,59.955
109.75,389,490.48,187.88,59.932
109.8,391,490.64,188.5,59.909
109.85,393,490.8,189.13,59.886
109.9,395,490.95,189.75,59.864
109.95,397,491.11,190.38,59.841
110,399,491.27,191,59.818
110.05,401,491.43,191.63,59.795
110.1,403,491.59,192.25,59.773
110.15,405,491.75,192.88,59.75
110.2,407,491.91,193.5,59.727
110.25,409,492.07,194.13,59.705
110.3,411,492.23,194.75,59.682
110.35,413,492.39,195.38,59.659
110.4,415,492.55,196,59.636
110.45,417,492.7,196.63,59.614
110.5,419,492.86,197.25,59.591
110.55,421,493.02,197.88,59.568
110.6,423,493.18,198.5,59.545
110.65,425,493.34,199.13,59.523
110.7,427,493.5,199.75,59.5
110.75,429,493.66,200.38,59.477
110.8,431,493.82,201,59.455
110.85,433,493.98,201.63,59.432
110.9,435,494.14,202.25,59.409
110.95,437,494.3,202.88,59.386
111,439,494.45,203.5,59.364
111.05,441,494.61,204.13,59.341
111.1,443,494.77,204.75,59.318
111.15,445,494.93,205.38,59.295
111.2,447,495.09,206,59.273
111.25,449,495.25,206.63,59.25
111.3,451,495.41,207.25,59.227
111.35,453,495.57,207.88,59.205
111.4,455,495.73,208.5,59.182
111.45,457,495.89,209.13,59.159
111.5,459,496.05,209.75,59.136
111.55,461,496.2,210.38,59.114
111.6,463,496.36,211,59.091
111.65,465,496.52,211.63,59.068
111.7,467,496.68,212.25,59.045
111.75,469,496.84,212.88,59.023
111.8,471,497,213.5,59
111.85,473,497.16,214.13,58.977
111.9,475,497.32,214.75,58.955
111.95,477,497.48,215.38,58.932
112,479,497.64,216,58.909
112.05,481,497.8,216.63,58.886
112.1,483,497.95,217.25,58.864
112.15,485,498.11,217.88,58.841
112.2,487,498.27,218.5,58.818
112.25,489,498.43,219.13,58.795
112.3,491,498.59,219.75,58.773
112.35,493,498.75,220.38,58.75
112.4,495,498.91,221,58.727
112.45,497,499.07,221.63,58.705
112.5,499,499.23,222.25,58.682
112.55,501,499.39,222.88,58.659
112.6,503,499.55,223.5,58.636
112.65,505,499.7,224.13,58.614
112.7,507,499.86,224.75,58.591
112.75,509,500.02,225.38,58.568
112.8,511,500.18,226,58.545
112.85,513,500.34,226.63,58.523
112.9,515,500.5,227.25,58.5
112.95,517,500.66,227.88,58.477
113,519,500.82,228.5,58.455
113.05,521,500.98,229.13,58.432
113.1,523,501.14,229.75,58.409
113.15,525,501.3,230.38,58.386
113.2,527,501.45,231,58.364
113.25,529,501.61,231.63,58.341
113.3,531,501.77,232.25,58.318
113.35,533,501.93,232.88,58.295
113.4,535,502.09,233.5,58.273
113.45,537,502.25,234.13,58.25
113.5,539,502.41,234.75,58.227
113.55,541,502.57,235.38,58.205
113.6,543,502.73,236,58.182
113.65,545,502.89,236.63,58.159
113.7,547,503.05,237.25,58.136
113.75,549,503.2,237.88,58.114
113.8,551,503.36,238.5,58.091
113.85,553,503.52,239.13,58.068
113.9,555,503.68,239.75,58.045
113.95,557,503.84,240.38,58.023
114,559,504,241,58
114.05,561.87,504.03,240.87,58.101
114.1,564.74,504.06,240.74,58.202
114.15,567.61,504.09,240.61,58.303
114.2,570.47,504.12,240.47,58.404
114.25,573.34,504.15,240.34,58.505
114.3,576.21,504.18,240.21,58.606
114.35,579.08,504.21,240.08,58.707
114.4,581.95,504.24,239.95,58.808
114.45,584.82,504.27,239.82,58.909
114.5,587.69,504.3,239.69,59.01
114.55,590.56,504.33,239.56,59.111
114.6,593.42,504.36,239.42,59.212
114.65,596.29,504.39,239.29,59.313
114.7,599.16,504.42,239.16,59.414
114.75,602.03,504.45,239.03,59.515
114.8,604.9,504.48,238.9,59.616
114.85,607.77,504.52,238.77,59.717
114.9,610.64,504.55,238.64,59.818
114.95,613.51,504.58,238.51,59.919
115,616.37,504.61,238.37,60.02
115.05,619.24,504.64,238.24,60.121
115.1,622.11,504.67,238.11,60.222
115.15,624.98,504.7,237.98,60.323
115.2,627.85,504.73,237.85,60.424
115.25,630.72,504.76,237.72,60.525
115.3,633.59,504.79,237.59,60.626
115.35,636.45,504.82,237.45,60.727
115.4,639.32,504.85,237.32,60.828
115.45,642.19,504.88,237.19,60.929
115.5,645.06,504.91,237.06,61.03
115.55,647.93,504.94,236.93,61.131
115.6,650.8,504.97,236.8,61.232
115.65,653.67,505,236.67,61.333
115.7,656.54,505.03,236.54,61.434
115.75,659.4,505.06,236.4,61.535
115.8,662.27,505.09,236.27,61.636
115.85,665.14,505.12,236.14,61.737
115.9,668.01,505.15,236.01,61.838
115.95,670.88,505.18,235.88,61.939
116,673.75,505.21,235.75,62.04
116.05,676.62,505.24,235.62,62.141
116.1,679.48,505.27,235.48,62.242
116.15,682.35,505.3,235.35,62.343
116.2,685.22,505.33,235.22,62.444
116.25,688.09,505.36,235.09,62.545
116.3,690.96,505.39,234.96,62.646
116.35,693.83,505.42,234.83,62.747
116.4,696.7,505.45,234.7,62.848
116.45,699.57,505.48,234.57,62.949
116.5,702.43,505.52,234.43,63.051
116.55,705.3,505.55,234.3,63.152
116.6,708.17,505.58,234.17,63.253
116.65,711.04,505.61,234.04,63.354
116.7,713.91,505.64,233.91,63.455
116.75,716.78,505.67,233.78,63.556
116.8,719.65,505.7,233.65,63.657
116.85,722.52,505.73,233.52,63.758
116.9,725.38,505.76,233.38,63.859
116.95,728.25,505.79,233.25,63.96
117,731.12,505.82,233.12,64.061
117.05,733.99,505.85,232.99,64.162
117.1,736.86,505.88,232.86,64.263
117.15,739.73,505.91,232.73,64.364
117.2,742.6,505.94,232.6,64.465
117.25,745.46,505.97,232.46,64.566
117.3,748.33,506,232.33,64.667
117.35,751.2,506.03,232.2,64.768
117.4,754.07,506.06,232.07,64.869
117.45,756.94,506.09,231.94,64.97
117.5,759.81,506.12,231.81,65.071
117.55,762.68,506.15,231.68,65.172
117.6,765.55,506.18,231.55,65.273
117.65,768.41,506.21,231.41,65.374
117.7,771.28,506.24,231.28,65.475
117.75,774.15,506.27,231.15,65.576
117.8,777.02,506.3,231.02,65.677
117.85,779.89,506.33,230.89,65.778
117.9,782.76,506.36,230.76,65.879
117.95,785.63,506.39,230.63,65.98
118,788.49,506.42,230.49,66.081
118.05,791.36,506.45,230.36,66.182
118.1,794.23,506.48,230.23,66.283
118.15,797.1,506.52,230.1,66.384
118.2,799.97,506.55,229.97,66.485
118.25,802.84,506.58,229.84,66.586
118.3,805.71,506.61,229.71,66.687
118.35,808.58,506.64,229.58,66.788
118.4,811.44,506.67,229.44,66.889
118.45,814.31,506.7,229.31,66.99
118.5,817.18,506.73,229.18,67.091
118.55,820.05,506.76,229.05,67.192
118.6,822.92,506.79,228.92,67.293
118.65,825.79,506.82,228.79,67.394
118.7,828.66,506.85,228.66,67.495
118.75,831.53,506.88,228.53,67.596
118.8,834.39,506.91,228.39,67.697
118.85,837.26,506.94,228.26,67.798
118.9,840.13,506.97,228.13,67.899
118.95,843,507,228,68
119,846.03,506.82,226.64,68.038
119.05,849.05,506.64,225.28,68.077
119.1,852.08,506.46,223.92,68.115
119.15,855.1,506.28,222.56,68.154
119.2,858.13,506.1,221.21,68.192
119.25,861.15,505.92,219.85,68.231
119.3,864.18,505.74,218.49,68.269
119.35,867.21,505.56,217.13,68.308
119.4,870.23,505.38,215.77,68.346
119.45,873.26,505.21,214.41,68.385
119.5,876.28,505.03,213.05,68.423
119.55,879.31,504.85,211.69,68.462
119.6,882.33,504.67,210.33,68.5
119.65,885.36,504.49,208.97,68.538
119.7,888.38,504.31,207.62,68.577
119.75,891.41,504.13,206.26,68.615
119.8,894.44,503.95,204.9,68.654
119.85,897.46,503.77,203.54,68.692
119.9,900.49,503.59,202.18,68.731
119.95,903.51,503.41,200.82,68.769
120,906.54,503.23,199.46,68.808
120.05,909.56,503.05,198.1,68.846
120.1,912.59,502.87,196.74,68.885
120.15,915.62,502.69,195.38,68.923
120.2,918.64,502.51,194.03,68.962
120.25,921.67,502.33,192.67,69
120.3,924.69,502.15,191.31,69.038
120.35,927.72,501.97,189.95,69.077
120.4,930.74,501.79,188.59,69.115
120.45,933.77,501.62,187.23,69.154
120.5,936.79,501.44,185.87,69.192
120.55,939.82,501.26,184.51,69.231
120.6,942.85,501.08,183.15,69.269
120.65,945.87,500.9,181.79,69.308
120.7,948.9,500.72,180.44,69.346
120.75,951.92,500.54,179.08,69.385
120.8,954.95,500.36,177.72,69.423
120.85,957.97,500.18,176.36,69.462
120.9,961,500,175,69.5
120.95,964.03,499.82,173.64,69.538
121,967.05,499.64,172.28,69.577
121.05,970.08,499.46,170.92,69.615
121.1,973.1,499.28,169.56,69.654
121.15,976.13,499.1,168.21,69.692
121.2,979.15,498.92,166.85,69.731
121.25,982.18,498.74,165.49,69.769
121.3,985.21,498.56,164.13,69.808
121.35,988.23,498.38,162.77,69.846
121.4,991.26,498.21,161.41,69.885
121.45,994.28,498.03,160.05,69.923
121.5,997.31,497.85,158.69,69.962
121.55,1000.3,497.67,157.33,70
121.6,1003.4,497.49,155.97,70.038
121.65,1006.4,497.31,154.62,70.077
121.7,1009.4,497.13,153.26,70.115
121.75,1012.4,496.95,151.9,70.154
121.8,1015.5,496.77,150.54,70.192
121.85,1018.5,496.59,149.18,70.231
121.9,1021.5,496.41,147.82,70.269
121.95,1024.5,496.23,146.46,70.308
122,1027.6,496.05,145.1,70.346
122.05,1030.6,495.87,143.74,70.385
122.1,1033.6,495.69,142.38,70.423
122.15,1036.6,495.51,141.03,70.462
122.2,1039.7,495.33,139.67,70.5
122.25,1042.7,495.15,138.31,70.538
122.3,1045.7,494.97,136.95,70.577
122.35,1048.7,494.79,135.59,70.615
122.4,1051.8,494.62,134.23,70.654
122.45,1054.8,494.44,132.87,70.692
122.5,1057.8,494.26,131.51,70.731
122.55,1060.8,494.08,130.15,70.769
122.6,1063.9,493.9,128.79,70.808
122.65,1066.9,493.72,127.44,70.846
122.7,1069.9,493.54,126.08,70.885
122.75,1072.9,493.36,124.72,70.923
122.8,1076,493.18,123.36,70.962
122.85,1079,493,122,71
122.9,1081,492.95,121.4,70.636
122.95,1082.9,492.89,120.8,70.273
123,1084.9,492.84,120.2,69.909
123.05,1086.9,492.78,119.6,69.545
123.1,1088.8,492.73,119,69.182
123.15,1090.8,492.67,118.4,68.818
123.2,1092.7,492.62,117.8,68.455
123.25,1094.7,492.56,117.2,68.091
123.3,1096.7,492.51,116.6,67.727
123.35,1098.6,492.45,116,67.364
123.4,1100.6,492.4,115.4,67
123.45,1102.6,492.35,114.8,66.636
123.5,1104.5,492.29,114.2,66.273
123.55,1106.5,492.24,113.6,65.909
123.6,1108.5,492.18,113,65.545
123.65,1110.4,492.13,112.4,65.182
123.7,1112.4,492.07,111.8,64.818
123.75,1114.3,492.02,111.2,64.455
123.8,1116.3,491.96,110.6,64.091
123.85,1118.3,491.91,110,63.727
123.9,1120.2,491.85,109.4,63.364
123.95,1122.2,491.8,108.8,63
124,1124.2,491.75,108.2,62.636
124.05,1126.1,491.69,107.6,62.273
124.1,1128.1,491.64,107,61.909
124.15,1130.1,491.58,106.4,61.545
124.2,1132,491.53,105.8,61.182
124.25,1134,491.47,105.2,60.818
124.3,1135.9,491.42,104.6,60.455
124.35,1137.9,491.36,104,60.091
124.4,1139.9,491.31,103.4,59.727
124.45,1141.8,491.25,102.8,59.364
124.5,1143.8,491.2,102.2,59
124.55,1145.8,491.15,101.6,58.636
124.6,1147.7,491.09,101,58.273
124.65,1149.7,491.04,100.4,57.909
124.7,1151.7,490.98,99.8,57.545
124.75,1153.6,490.93,99.2,57.182
124.8,1155.6,490.87,98.6,56.818
124.85,1157.5,490.82,98,56.455
124.9,1159.5,490.76,97.4,56.091
124.95,1161.5,490.71,96.8,55.727
125,1163.4,490.65,96.2,55.364
125.05,1165.4,490.6,95.6,55
125.1,1167.4,490.55,95,54.636
125.15,1169.3,490.49,94.4,54.273
125.2,1171.3,490.44,93.8,53.909
125.25,1173.3,490.38,93.2,53.545
125.3,1175.2,490.33,92.6,53.182
125.35,1177.2,490.27,92,52.818
125.4,1179.1,490.22,91.4,52.455
125.45,1181.1,490.16,90.8,52.091
125.5,1183.1,490.11,90.2,51.727
125.55,1185,490.05,89.6,51.364
125.6,1187,490,89,51
125.65,1187.6,489.46,88.607,51.357
125.7,1188.1,488.93,88.214,51.714
125.75,1188.7,488.39,87.821,52.071
125.8,1189.3,487.86,87.429,52.429
125.85,1189.9,487.32,87.036,52.786
125.9,1190.4,486.79,86.643,53.143
125.95,1191,486.25,86.25,53.5
126,1191.6,485.71,85.857,53.857
126.05,1192.1,485.18,85.464,54.214
126.1,1192.7,484.64,85.071,54.571
126.15,1193.3,484.11,84.679,54.929
126.2,1193.9,483.57,84.286,55.286
126.25,1194.4,483.04,83.893,55.643
126.3,1195,482.5,83.5,56
126.35,1195.6,481.96,83.107,56.357
126.4,1196.1,481.43,82.714,56.714
126.45,1196.7,480.89,82.321,57.071
126.5,1197.3,480.36,81.929,57.429
126.55,1197.9,479.82,81.536,57.786
126.6,1198.4,479.29,81.143,58.143
126.65,1199,478.75,80.75,58.5
126.7,1199.6,478.21,80.357,58.857
126.75,1200.1,477.68,79.964,59.214
126.8,1200.7,477.14,79.571,59.571
126.85,1201.3,476.61,79.179,59.929
126.9,1201.9,476.07,78.786,60.286
126.95,1202.4,475.54,78.393,60.643
127,1203,475,78,61
127.05,1203.2,475.02,77.817,60.617
127.1,1203.4,475.03,77.633,60.233
127.15,1203.6,475.05,77.45,59.85
127.2,1203.7,475.07,77.267,59.467
127.25,1203.9,475.08,77.083,59.083
127.3,1204.1,475.1,76.9,58.7
127.35,1204.3,475.12,76.717,58.317
127.4,1204.5,475.13,76.533,57.933
127.45,1204.7,475.15,76.35,57.55
127.5,1204.8,475.17,76.167,57.167
127.55,1205,475.18,75.983,56.783
127.6,1205.2,475.2,75.8,56.4
127.65,1205.4,475.22,75.617,56.017
127.7,1205.6,475.23,75.433,55.633
127.75,1205.8,475.25,75.25,55.25
127.8,1205.9,475.27,75.067,54.867
127.85,1206.1,475.28,74.883,54.483
127.9,1206.3,475.3,74.7,54.1
127.95,1206.5,475.32,74.517,53.717
128,1206.7,475.33,74.333,53.333
128.05,1206.9,475.35,74.15,52.95
128.1,1207,475.37,73.967,52.567
128.15,1207.2,475.38,73.783,52.183
128.2,1207.4,475.4,73.6,51.8
128.25,1207.6,475.42,73.417,51.417
128.3,1207.8,475.43,73.233,51.033
128.35,1208,475.45,73.05,50.65
128.4,1208.1,475.47,72.867,50.267
128.45,1208.3,475.48,72.683,49.883
128.5,1208.5,475.5,72.5,49.5
128.55,1208.7,475.52,72.317,49.117
128.6,1208.9,475.53,72.133,48.733
128.65,1209.1,475.55,71.95,48.35
128.7,1209.2,475.57,71.767,47.967
128.75,1209.4,475.58,71.583,47.583
128.8,1209.6,475.6,71.4,47.2
128.85,1209.8,475.62,71.217,46.817
128.9,1210,475.63,71.033,46.433
128.95,1210.2,475.65,70.85,46.05
129,1210.3,475.67,70.667,45.667
129.05,1210.5,475.68,70.483,45.283
129.1,1210.7,475.7,70.3,44.9
129.15,1210.9,475.72,70.117,44.517
129.2,1211.1,475.73,69.933,44.133
129.25,1211.3,475.75,69.75,43.75
129.3,1211.4,475.77,69.567,43.367
129.35,1211.6,475.78,69.383,42.983
129.4,1211.8,475.8,69.2,42.6
129.45,1212,475.82,69.017,42.217
129.5,1212.2,475.83,68.833,41.833
129.55,1212.4,475.85,68.65,41.45
129.6,1212.5,475.87,68.467,41.067
129.65,1212.7,475.88,68.283,40.683
129.7,1212.9,475.9,68.1,40.3
129.75,1213.1,475.92,67.917,39.917
129.8,1213.3,475.93,67.733,39.533
129.85,1213.5,475.95,67.55,39.15
129.9,1213.6,475.97,67.367,38.767
129.95,1213.8,475.98,67.183,38.383
130,1214,476,67,38
130.05,1213.8,475.98,67.182,37.955
130.1,1213.6,475.97,67.364,37.909
130.15,1213.5,475.95,67.545,37.864
130.2,1213.3,475.93,67.727,37.818
130.25,1213.1,475.91,67.909,37.773
130.3,1212.9,475.9,68.091,37.727
130.35,1212.7,475.88,68.273,37.682
130.4,1212.5,475.86,68.455,37.636
130.45,1212.4,475.85,68.636,37.591
130.5,1212.2,475.83,68.818,37.545
130.55,1212,475.81,69,37.5
130.6,1211.8,475.8,69.182,37.455
130.65,1211.6,475.78,69.364,37.409
130.7,1211.5,475.76,69.545,37.364
130.75,1211.3,475.74,69.727,37.318
130.8,1211.1,475.73,69.909,37.273
130.85,1210.9,475.71,70.091,37.227
130.9,1210.7,475.69,70.273,37.182
130.95,1210.5,475.68,70.455,37.136
131,1210.4,475.66,70.636,37.091
131.05,1210.2,475.64,70.818,37.045
131.1,1210,475.63,71,37
131.15,1209.8,475.61,71.182,36.955
131.2,1209.6,475.59,71.364,36.909
131.25,1209.5,475.57,71.545,36.864
131.3,1209.3,475.56,71.727,36.818
131.35,1209.1,475.54,71.909,36.773
131.4,1208.9,475.52,72.091,36.727
131.45,1208.7,475.51,72.273,36.682
131.5,1208.5,475.49,72.455,36.636
131.55,1208.4,475.47,72.636,36.591
131.6,1208.2,475.45,72.818,36.545
131.65,1208,475.44,73,36.5
131.7,1207.8,475.42,73.182,36.455
131.75,1207.6,475.4,73.364,36.409
131.8,1207.5,475.39,73.545,36.364
131.85,1207.3,475.37,73.727,36.318
131.9,1207.1,475.35,73.909,36.273
131.95,1206.9,475.34,74.091,36.227
132,1206.7,475.32,74.273,36.182
132.05,1206.5,475.3,74.455,36.136
132.1,1206.4,475.28,74.636,36.091
132.15,1206.2,475.27,74.818,36.045
132.2,1206,475.25,75,36
132.25,1205.8,475.23,75.182,35.955
132.3,1205.6,475.22,75.364,35.909
132.35,1205.5,475.2,75.545,35.864
132.4,1205.3,475.18,75.727,35.818
132.45,1205.1,475.16,75.909,35.773
132.5,1204.9,475.15,76.091,35.727
132.55,1204.7,475.13,76.273,35.682
132.6,1204.5,475.11,76.455,35.636
132.65,1204.4,475.1,76.636,35.591
132.7,1204.2,475.08,76.818,35.545
132.75,1204,475.06,77,35.5
132.8,1203.8,475.05,77.182,35.455
132.85,1203.6,475.03,77.364,35.409
132.9,1203.5,475.01,77.545,35.364
132.95,1203.3,474.99,77.727,35.318
133,1203.1,474.98,77.909,35.273
133.05,1202.9,474.96,78.091,35.227
133.1,1202.7,474.94,78.273,35.182
133.15,1202.5,474.93,78.455,35.136
133.2,1202.4,474.91,78.636,35.091
133.25,1202.2,474.89,78.818,35.045
133.3,1202,474.88,79,35
133.35,1201.8,474.86,79.182,34.955
133.4,1201.6,474.84,79.364,34.909
133.45,1201.5,474.82,79.545,34.864
133.5,1201.3,474.81,79.727,34.818
133.55,1201.1,474.79,79.909,34.773
133.6,1200.9,474.77,80.091,34.727
133.65,1200.7,474.76,80.273,34.682
133.7,1200.5,474.74,80.455,34.636
133.75,1200.4,474.72,80.636,34.591
133.8,1200.2,474.7,80.818,34.545
133.85,1200,474.69,81,34.5
133.9,1199.8,474.67,81.182,34.455
133.95,1199.6,474.65,81.364,34.409
134,1199.5,474.64,81.545,34.364
134.05,1199.3,474.62,81.727,34.318
134.1,1199.1,474.6,81.909,34.273
134.15,1198.9,474.59,82.091,34.227
134.2,1198.7,474.57,82.273,34.182
134.25,1198.5,474.55,82.455,34.136
134.3,1198.4,474.53,82.636,34.091
134.35,1198.2,474.52,82.818,34.045
134.4,1198,474.5,83,34
134.45,1197.8,474.48,83.182,33.955
134.5,1197.6,474.47,83.364,33.909
134.55,1197.5,474.45,83.545,33.864
134.6,1197.3,474.43,83.727,33.818
134.65,1197.1,474.41,83.909,33.773
134.7,1196.9,474.4,84.091,33.727
134.75,1196.7,474.38,84.273,33.682
134.8,1196.5,474.36,84.455,33.636
134.85,1196.4,474.35,84.636,33.591
134.9,1196.2,474.33,84.818,33.545
134.95,1196,474.31,85,33.5
135,1195.8,474.3,85.182,33.455
135.05,1195.6,474.28,85.364,33.409
135.1,1195.5,474.26,85.545,33.364
135.15,1195.3,474.24,85.727,33.318
135.2,1195.1,474.23,85.909,33.273
135.25,1194.9,474.21,86.091,33.227
135.3,1194.7,474.19,86.273,33.182
135.35,1194.5,474.18,86.455,33.136
135.4,1194.4,474.16,86.636,33.091
135.45,1194.2,474.14,86.818,33.045
135.5,1194,474.13,87,33
135.55,1193.8,474.11,87.182,32.955
135.6,1193.6,474.09,87.364,32.909
135.65,1193.5,474.07,87.545,32.864
135.7,1193.3,474.06,87.727,32.818
135.75,1193.1,474.04,87.909,32.773
135.8,1192.9,474.02,88.091,32.727
135.85,1192.7,474.01,88.273,32.682
135.9,1192.5,473.99,88.455,32.636
135.95,1192.4,473.97,88.636,32.591
136,1192.2,473.95,88.818,32.545
136.05,1192,473.94,89,32.5
136.1,1191.8,473.92,89.182,32.455
136.15,1191.6,473.9,89.364,32.409
136.2,1191.5,473.89,89.545,32.364
136.25,1191.3,473.87,89.727,32.318
136.3,1191.1,473.85,89.909,32.273
136.35,1190.9,473.84,90.091,32.227
136.4,1190.7,473.82,90.273,32.182
136.45,1190.5,473.8,90.455,32.136
136.5,1190.4,473.78,90.636,32.091
136.55,1190.2,473.77,90.818,32.045
136.6,1190,473.75,91,32
136.65,1189.8,473.73,91.182,31.955
136.7,1189.6,473.72,91.364,31.909
136.75,1189.5,473.7,91.545,31.864
136.8,1189.3,473.68,91.727,31.818
136.85,1189.1,473.66,91.909,31.773
136.9,1188.9,473.65,92.091,31.727
136.95,1188.7,473.63,92.273,31.682
137,1188.5,473.61,92.455,31.636
137.05,1188.4,473.6,92.636,31.591
137.1,1188.2,473.58,92.818,31.545
137.15,1188,473.56,93,31.5
137.2,1187.8,473.55,93.182,31.455
137.25,1187.6,473.53,93.364,31.409
137.3,1187.5,473.51,93.545,31.364
137.35,1187.3,473.49,93.727,31.318
137.4,1187.1,473.48,93.909,31.273
137.45,1186.9,473.46,94.091,31.227
137.5,1186.7,473.44,94.273,31.182
137.55,1186.5,473.43,94.455,31.136
137.6,1186.4,473.41,94.636,31.091
137.65,1186.2,473.39,94.818,31.045
137.7,1186,473.38,95,31
137.75,1185.8,473.36,95.182,30.955
137.8,1185.6,473.34,95.364,30.909
137.85,1185.5,473.32,95.545,30.864
137.9,1185.3,473.31,95.727,30.818
137.95,1185.1,473.29,95.909,30.773
138,1184.9,473.27,96.091,30.727
138.05,1184.7,473.26,96.273,30.682
138.1,1184.5,473.24,96.455,30.636
138.15,1184.4,473.22,96.636,30.591
138.2,1184.2,473.2,96.818,30.545
138.25,1184,473.19,97,30.5
138.3,1183.8,473.17,97.182,30.455
138.35,1183.6,473.15,97.364,30.409
138.4,1183.5,473.14,97.545,30.364
138.45,1183.3,473.12,97.727,30.318
138.5,1183.1,473.1,97.909,30.273
138.55,1182.9,473.09,98.091,30.227
138.6,1182.7,473.07,98.273,30.182
138.65,1182.5,473.05,98.455,30.136
138.7,1182.4,473.03,98.636,30.091
138.75,1182.2,473.02,98.818,30.045
138.8,1182,473,99,30
138.85,1181.6,472.95,99.315,30.117
138.9,1181.2,472.89,99.631,30.234
138.95,1180.8,472.84,99.946,30.351
139,1180.5,472.78,100.26,30.468
139.05,1180.1,472.73,100.58,30.586
139.1,1179.7,472.68,100.89,30.703
139.15,1179.3,472.62,101.21,30.82
139.2,1178.9,472.57,101.52,30.937
139.25,1178.5,472.51,101.84,31.054
139.3,1178.1,472.46,102.15,31.171
139.35,1177.7,472.41,102.47,31.288
139.4,1177.4,472.35,102.78,31.405
139.45,1177,472.3,103.1,31.523
139.5,1176.6,472.24,103.41,31.64
139.55,1176.2,472.19,103.73,31.757
139.6,1175.8,472.14,104.05,31.874
139.65,1175.4,472.08,104.36,31.991
139.7,1175,472.03,104.68,32.108
139.75,1174.6,471.97,104.99,32.225
139.8,1174.3,471.92,105.31,32.342
139.85,1173.9,471.86,105.62,32.459
139.9,1173.5,471.81,105.94,32.577
139.95,1173.1,471.76,106.25,32.694
140,1172.7,471.7,106.57,32.811
140.05,1172.3,471.65,106.88,32.928
140.1,1171.9,471.59,107.2,33.045
140.15,1171.5,471.54,107.51,33.162
140.2,1171.2,471.49,107.83,33.279
140.25,1170.8,471.43,108.14,33.396
140.3,1170.4,471.38,108.46,33.514
140.35,1170,471.32,108.77,33.631
140.4,1169.6,471.27,109.09,33.748
140.45,1169.2,471.22,109.41,33.865
140.5,1168.8,471.16,109.72,33.982
140.55,1168.4,471.11,110.04,34.099
140.6,1168.1,471.05,110.35,34.216
140.65,1167.7,471,110.67,34.333
140.7,1167.3,470.95,110.98,34.45
140.75,1166.9,470.89,111.3,34.568
140.8,1166.5,470.84,111.61,34.685
140.85,1166.1,470.78,111.93,34.802
140.9,1165.7,470.73,112.24,34.919
140.95,1165.3,470.68,112.56,35.036
141,1165,470.62,112.87,35.153
141.05,1164.6,470.57,113.19,35.27
141.1,1164.2,470.51,113.5,35.387
141.15,1163.8,470.46,113.82,35.505
141.2,1163.4,470.41,114.14,35.622
141.25,1163,470.35,114.45,35.739
141.3,1162.6,470.3,114.77,35.856
141.35,1162.2,470.24,115.08,35.973
141.4,1161.9,470.19,115.4,36.09
141.45,1161.5,470.14,115.71,36.207
141.5,1161.1,470.08,116.03,36.324
141.55,1160.7,470.03,116.34,36.441
141.6,1160.3,469.97,116.66,36.559
141.65,1159.9,469.92,116.97,36.676
141.7,1159.5,469.86,117.29,36.793
141.75,1159.1,469.81,117.6,36.91
141.8,1158.8,469.76,117.92,37.027
141.85,1158.4,469.7,118.23,37.144
141.9,1158,469.65,118.55,37.261
141.95,1157.6,469.59,118.86,37.378
142,1157.2,469.54,119.18,37.495
142.05,1156.8,469.49,119.5,37.613
142.1,1156.4,469.43,119.81,37.73
142.15,1156,469.38,120.13,37.847
142.2,1155.7,469.32,120.44,37.964
142.25,1155.3,469.27,120.76,38.081
142.3,1154.9,469.22,121.07,38.198
142.35,1154.5,469.16,121.39,38.315
142.4,1154.1,469.11,121.7,38.432
142.45,1153.7,469.05,122.02,38.55
142.5,1153.3,469,122.33,38.667
142.55,1152.9,468.95,122.65,38.784
142.6,1152.6,468.89,122.96,38.901
142.65,1152.2,468.84,123.28,39.018
142.7,1151.8,468.78,123.59,39.135
142.75,1151.4,468.73,123.91,39.252
142.8,1151,468.68,124.23,39.369
142.85,1150.6,468.62,124.54,39.486
142.9,1150.2,468.57,124.86,39.604
142.95,1149.8,468.51,125.17,39.721
143,1149.5,468.46,125.49,39.838
143.05,1149.1,468.41,125.8,39.955
143.1,1148.7,468.35,126.12,40.072
143.15,1148.3,468.3,126.43,40.189
143.2,1147.9,468.24,126.75,40.306
143.25,1147.5,468.19,127.06,40.423
143.3,1147.1,468.14,127.38,40.541
143.35,1146.7,468.08,127.69,40.658
143.4,1146.4,468.03,128.01,40.775
143.45,1146,467.97,128.32,40.892
143.5,1145.6,467.92,128.64,41.009
143.55,1145.2,467.86,128.95,41.126
143.6,1144.8,467.81,129.27,41.243
143.65,1144.4,467.76,129.59,41.36
143.7,1144,467.7,129.9,41.477
143.75,1143.6,467.65,130.22,41.595
143.8,1143.3,467.59,130.53,41.712
143.85,1142.9,467.54,130.85,41.829
143.9,1142.5,467.49,131.16,41.946
143.95,1142.1,467.43,131.48,42.063
144,1141.7,467.38,131.79,42.18
144.05,1141.3,467.32,132.11,42.297
144.1,1140.9,467.27,132.42,42.414
144.15,1140.5,467.22,132.74,42.532
144.2,1140.2,467.16,133.05,42.649
144.25,1139.8,467.11,133.37,42.766
144.3,1139.4,467.05,133.68,42.883
144.35,1139,467,134,43
144.4,1138.5,467.05,134.1,42.967
144.45,1137.9,467.11,134.2,42.934
144.5,1137.4,467.16,134.3,42.901
144.55,1136.8,467.22,134.4,42.868
144.6,1136.3,467.27,134.49,42.835
144.65,1135.8,467.33,134.59,42.802
144.7,1135.2,467.38,134.69,42.769
144.75,1134.7,467.44,134.79,42.736
144.8,1134.2,467.49,134.89,42.703
144.85,1133.6,467.55,134.99,42.67
144.9,1133.1,467.6,135.09,42.637
144.95,1132.5,467.66,135.19,42.604
145,1132,467.71,135.29,42.571
145.05,1131.5,467.77,135.38,42.538
145.1,1130.9,467.82,135.48,42.505
145.15,1130.4,467.88,135.58,42.473
145.2,1129.8,467.93,135.68,42.44
145.25,1129.3,467.99,135.78,42.407
145.3,1128.8,468.04,135.88,42.374
145.35,1128.2,468.1,135.98,42.341
145.4,1127.7,468.15,136.08,42.308
145.45,1127.2,468.21,136.18,42.275
145.5,1126.6,468.26,136.27,42.242
145.55,1126.1,468.32,136.37,42.209
145.6,1125.5,468.37,136.47,42.176
145.65,1125,468.43,136.57,42.143
145.7,1124.5,468.48,136.67,42.11
145.75,1123.9,468.54,136.77,42.077
145.8,1123.4,468.59,136.87,42.044
145.85,1122.8,468.65,136.97,42.011
145.9,1122.3,468.7,137.07,41.978
145.95,1121.8,468.76,137.16,41.945
146,1121.2,468.81,137.26,41.912
146.05,1120.7,468.87,137.36,41.879
146.1,1120.2,468.92,137.46,41.846
146.15,1119.6,468.98,137.56,41.813
146.2,1119.1,469.03,137.66,41.78
146.25,1118.5,469.09,137.76,41.747
146.3,1118,469.14,137.86,41.714
146.35,1117.5,469.2,137.96,41.681
146.4,1116.9,469.25,138.05,41.648
146.45,1116.4,469.31,138.15,41.615
146.5,1115.8,469.36,138.25,41.582
146.55,1115.3,469.42,138.35,41.549
146.6,1114.8,469.47,138.45,41.516
146.65,1114.2,469.53,138.55,41.484
146.7,1113.7,469.58,138.65,41.451
146.75,1113.2,469.64,138.75,41.418
146.8,1112.6,469.69,138.85,41.385
146.85,1112.1,469.75,138.95,41.352
146.9,1111.5,469.8,139.04,41.319
146.95,1111,469.86,139.14,41.286
147,1110.5,469.91,139.24,41.253
147.05,1109.9,469.97,139.34,41.22
147.1,1109.4,470.02,139.44,41.187
147.15,1108.8,470.08,139.54,41.154
147.2,1108.3,470.13,139.64,41.121
147.25,1107.8,470.19,139.74,41.088
147.3,1107.2,470.24,139.84,41.055
147.35,1106.7,470.3,139.93,41.022
147.4,1106.2,470.35,140.03,40.989
147.45,1105.6,470.41,140.13,40.956
147.5,1105.1,470.46,140.23,40.923
147.55,1104.5,470.52,140.33,40.89
147.6,1104,470.57,140.43,40.857
147.65,1103.5,470.63,140.53,40.824
147.7,1102.9,470.68,140.63,40.791
147.75,1102.4,470.74,140.73,40.758
147.8,1101.8,470.79,140.82,40.725
147.85,1101.3,470.85,140.92,40.692
147.9,1100.8,470.9,141.02,40.659
147.95,1100.2,470.96,141.12,40.626
148,1099.7,471.01,141.22,40.593
148.05,1099.2,471.07,141.32,40.56
148.1,1098.6,471.12,141.42,40.527
148.15,1098.1,471.18,141.52,40.495
148.2,1097.5,471.23,141.62,40.462
148.25,1097,471.29,141.71,40.429
148.3,1096.5,471.34,141.81,40.396
148.35,1095.9,471.4,141.91,40.363
148.4,1095.4,471.45,142.01,40.33
148.45,1094.8,471.51,142.11,40.297
148.5,1094.3,471.56,142.21,40.264
148.55,1093.8,471.62,142.31,40.231
148.6,1093.2,471.67,142.41,40.198
148.65,1092.7,471.73,142.51,40.165
148.7,1092.2,471.78,142.6,40.132
148.75,1091.6,471.84,142.7,40.099
148.8,1091.1,471.89,142.8,40.066
148.85,1090.5,471.95,142.9,40.033
148.9,1090,472,143,40
148.95,1089.7,471.97,142.66,40.063
149,1089.3,471.94,142.31,40.125
149.05,1089,471.91,141.97,40.188
149.1,1088.6,471.88,141.63,40.25
149.15,1088.3,471.84,141.28,40.313
149.2,1087.9,471.81,140.94,40.375
149.25,1087.6,471.78,140.59,40.438
149.3,1087.3,471.75,140.25,40.5
149.35,1086.9,471.72,139.91,40.563
149.4,1086.6,471.69,139.56,40.625
149.45,1086.2,471.66,139.22,40.688
149.5,1085.9,471.63,138.88,40.75
149.55,1085.5,471.59,138.53,40.813
149.6,1085.2,471.56,138.19,40.875
149.65,1084.8,471.53,137.84,40.938
149.7,1084.5,471.5,137.5,41
149.75,1084.2,471.47,137.16,41.063
149.8,1083.8,471.44,136.81,41.125
149.85,1083.5,471.41,136.47,41.188
149.9,1083.1,471.38,136.13,41.25
149.95,1082.8,471.34,135.78,41.313
150,1082.4,471.31,135.44,41.375
150.05,1082.1,471.28,135.09,41.438
150.1,1081.8,471.25,134.75,41.5
150.15,1081.4,471.22,134.41,41.563
150.2,1081.1,471.19,134.06,41.625
150.25,1080.7,471.16,133.72,41.688
150.3,1080.4,471.13,133.38,41.75
150.35,1080,471.09,133.03,41.813
150.4,1079.7,471.06,132.69,41.875
150.45,1079.3,471.03,132.34,41.938
150.5,1079,471,132,42
