Frame No.,UTC Timestamp,Lat,Long,estimated_time,time,gps_lat,gps_lon,gps_lat_rel,gps_lon_rel,x,y,width,height,x_cent,y_cent,dlat,dlon,d2lat,d2lon,d3lat,d3lon,d4lat,d4lon
5,19:58:07,32.70297,-117.234631,19:58:11.31,0.3125,32.703152333,-117.233482333,0.0001754329999954507,0.0011486669999953847,678.79,434.0,45.256,14.872,701.0,449.0,3.413440001622803e-05,3.253119998589682e-05,-1.9335291527095857e-05,-2.2383982080005008e-05,6.041900108631011e-06,2.2245720671002204e-06,1.7265826898627724e-05,1.9209452905614883e-05
10,19:58:07,32.70297,-117.234631,19:58:11.62,0.625,32.703163,-117.233472167,0.00018610000000052196,0.0011588329999909774,675.59,434.0,45.513,14.744,698.0,449.0,2.8092121414010574e-05,2.5536205585895253e-05,-1.7447197743148666e-05,-2.168880330903619e-05,1.1437471014452175e-05,8.227526100104871e-06,1.319724735470542e-05,1.701714794711369e-05
25,19:58:12,32.70297,-117.234631,19:58:12.33,1.3078703703703698,32.703173167,-117.233465167,0.00019626699999975017,0.001165832999987515,665.97,434.0,46.282,14.359,689.0,448.0,1.8995357206656456e-05,1.1762908959715452e-05,-1.585626391474381e-06,-7.112872210632453e-06,1.4378353063342858e-05,1.657667867178244e-05,-1.706386196686631e-05,-1.0982731773400841e-05
34,19:58:12,32.70297,-117.234631,19:58:12.67,1.6412037037037026,32.703180167,-117.233461,0.00020326699999628772,0.001169999999987681,660.21,434.0,46.744,14.128,684.0,448.0,2.037635868892475e-05,1.1516453806535091e-05,1.7672491531900298e-06,-2.3631901283967645e-06,5.213163617718385e-06,9.13934165562543e-06,-2.1132487694525603e-05,-1.9102083862140967e-05
57,19:58:12,32.70297,-117.234631,19:58:13.52,2.4930555555555562,32.703196167,-117.233453333,0.00021926699999852417,0.001177666999993221,645.46,434.0,47.923,13.538,669.0,448.0,1.6709881423032007e-05,5.9683731217499356e-06,-4.3402614095330555e-06,-5.701420605630271e-06,1.0635533586040949e-06,-1.4493767727399956e-07,9.225590368060186e-06,-1.1933765407632563e-05
79,19:58:12,32.70297,-117.234631,19:58:14.33,3.3078703703703747,32.703208167,-117.233450833,0.0002312669999966488,0.001180166999986909,631.23,434.0,48.983,12.95,656.0,447.0,1.3145208218216374e-05,1.9552786176941193e-06,2.9432265138080516e-06,-2.878220650091611e-06,1.9567635102414037e-05,-1.0675279762932801e-05,-2.2017079116411115e-05,1.5997897077809612e-05
88,19:58:12,32.70297,-117.234631,19:58:14.67,3.6412037037037095,32.703212333,-117.233450333,0.00023543300000028466,0.0011806669999998576,624.33,434.0,48.833,12.5,649.0,446.0,1.5124200002780626e-05,1.2750000234262654e-06,1.0915154595402089e-05,-8.364844883918124e-06,6.129522277938645e-06,-1.3988066679732317e-06,2.1897550365348656e-05,4.739000250087565e-05
103,19:58:12,32.70297,-117.234631,19:58:15.22,4.1967592592592675,32.703223167,-117.233449833,0.00024626699999430457,0.0011811669999985952,612.83,434.0,48.583,11.75,637.0,446.0,2.5797600001809017e-05,-9.227700005708453e-06,-2.1483163305981298e-06,4.803471813047024e-06,7.589842881310919e-05,4.304062362510332e-05,0.000122068850425845,-0.00018842938931500693
108,19:58:12,32.70297,-117.234631,19:58:15.41,4.3819444444444535,32.703228333,-117.233452167,0.0002514329999954157,0.0011788329999973257,609.0,434.0,48.5,11.5,633.0,446.0,2.4081218191892738e-05,-6.874690912830016e-06,1.804353323231783e-05,1.396763998871843e-05,9.828678498224964e-05,-8.422865991413272e-06,-0.00018244980778685276,-0.00029094642425591267
114,19:58:12,32.70297,-117.234631,19:58:15.63,4.604166666666677,32.703232667,-117.233452167,0.0002557669999987411,0.0011788329999973257,604.4,434.0,48.4,11.2,629.0,445.0,3.5374090911749825e-05,-3.4344000120903675e-06,3.701858696415223e-05,-3.346607780050458e-06,-2.315013170821883e-05,-7.655591502429845e-05,-0.00046020256723236096,-5.486277993971869e-05
119,19:58:12,32.70297,-117.234631,19:58:15.81,4.789351851851863,32.703241667,-117.233453333,0.00026476699999733455,0.001177666999993221,600.57,434.0,48.317,10.95,625.0,445.0,4.009985697375266e-05,-6.959684914781641e-06,1.59818537000571e-05,-1.7314030325420422e-05,-9.506055189403529e-05,-4.786755008902042e-05,-0.00024878067198990045,0.00015102026752868172
131,19:58:12,32.70297,-117.234631,19:58:16.32,5.301136363636378,32.703250167,-117.233457833,0.0002732669999971904,0.0011731669999903716,591.37,434.0,48.117,10.35,615.0,444.0,3.47897198263652e-05,-1.338444556635331e-05,-6.449043391599401e-06,-2.836320583425523e-06,-2.502541166970053e-05,2.3910557460002005e-05,0.00013430987647273731,2.837272333503628e-07
138,19:58:12,32.70297,-117.234631,19:58:16.64,5.619318181818199,32.703264833,-117.233463,0.0002879329999956326,0.0011679999999927304,586.0,434.0,48.0,10.0,610.0,444.0,3.351451648722463e-05,-1.2364659546512517e-05,-1.0692046292556314e-05,3.905516495285048e-06,1.7208062895939242e-05,-3.686999328311513e-06,8.733063759320335e-05,-5.959333695830941e-05
153,19:58:17,32.70297,-117.234631,19:58:17.26,6.233796296296318,32.7032705,-117.233466,0.0002935999999991168,0.0011649999999860938,575.17,434.21,48.0,10.208,599.0,444.0,1.9012334757009005e-05,-9.133558413325273e-06,3.6127275852902886e-05,-2.7879738835920414e-05,1.6991352221407125e-05,-8.09683412840556e-06,-0.00031565515177116787,0.00018978314835352156
160,19:58:17,32.70297,-117.234631,19:58:17.52,6.4930555555555785,32.7032765,-117.233468833,0.0002995999999981791,0.0011621669999897222,570.11,434.31,48.0,10.306,594.0,445.0,3.491208790089263e-05,-1.9986478003685294e-05,3.4056534338864355e-05,-2.520635846299525e-05,-9.933487643680973e-05,6.265085761993448e-05,-0.0002691795512537565,0.00014699056055673834
166,19:58:17,32.70297,-117.234631,19:58:17.74,6.715277777777802,32.7032865,-117.233475,0.0003095999999942478,0.0011559999999946058,565.78,434.39,48.0,10.389,590.0,445.0,3.728571427516711e-05,-2.2415528554679647e-05,-5.41745037984532e-06,-1.3145651614070978e-06,-0.00012496068197631458,7.133573266497831e-05,8.361930197729966e-06,-2.027880604276083e-05
180,19:58:17,32.70297,-117.234631,19:58:18.26,7.2337962962963225,32.7032965,-117.233480167,0.00031959999999742195,0.0011508329999969646,555.67,434.58,48.0,10.583,580.0,445.0,1.4999142864878263e-05,-1.146278571033995e-05,-6.484959216057116e-06,-8.095778407127658e-06,2.901031148793042e-05,-1.099837524676072e-05,4.2986928186220874e-05,2.7322775448775555e-05
187,19:58:17,32.70297,-117.234631,19:58:18.52,7.493055555555583,32.703299833,-117.233483333,0.00032293299999963665,0.0011476669999979094,550.61,434.68,48.0,10.681,575.0,445.0,1.8048857133428253e-05,-1.7349329690863422e-05,5.063705793857714e-06,-1.0677621024993372e-05,7.234701860955138e-06,2.0210675516809026e-05,-9.579966021956682e-05,8.226907509420548e-05
193,19:58:17,32.70297,-117.234631,19:58:18.74,7.715277777777806,32.703304833,-117.233488167,0.0003279329999941183,0.001142832999988741,546.28,434.76,48.0,10.764,570.0,446.0,1.789803407554143e-05,-1.7431159116847996e-05,-4.3527770845195467e-07,-4.3984335549733904e-07,-1.630325877582774e-05,3.12338937021806e-05,-7.594038706756566e-05,1.629616357777223e-05
209,19:58:17,32.70297,-117.234631,19:58:19.33,8.307870370370393,32.703308167,-117.233491667,0.00033126699999996845,0.0011393329999975776,534.72,434.99,48.0,10.986,559.0,446.0,1.802476499721136e-05,-1.7804969995865484e-05,3.2442402271610715e-06,-5.375579726434035e-06,-1.3928478493170114e-05,-1.1744487595177387e-05,2.3023620207777262e-05,-2.8215413062102236e-05
218,19:58:17,32.70297,-117.234631,19:58:19.67,8.64120370370372,32.7033165,-117.233499833,0.0003395999999966648,0.0011311669999969354,527.49,434.89,48.32,11.107,552.0,446.0,1.9674374993173085e-05,-2.0486475004944022e-05,-5.174398126513229e-06,-9.930802512805458e-06,-2.688404958762694e-06,-1.2841386774321735e-05,5.657296582587066e-05,5.078474392780271e-05
233,19:58:17,32.70297,-117.234631,19:58:20.22,9.196759259259265,32.7033225,-117.2335075,0.0003455999999957271,0.0011234999999913953,515.29,434.69,48.92,11.307,540.0,446.0,7.426350002148838e-06,-2.775014999869662e-05,1.4227886250341104e-05,-1.6301682586694448e-05,4.990096978028271e-05,6.544221306078549e-05,-0.00021979714760495935,0.00012021688253341538
238,19:58:17,32.70297,-117.234631,19:58:20.41,9.381944444444446,32.703323667,-117.2335135,0.00034676699999636185,0.001117499999992333,511.23,434.63,49.12,11.373,536.0,446.0,1.2300300001235687e-05,-3.096818181092019e-05,2.4393303981377472e-05,5.647641031905545e-07,-1.0213194722810002e-05,8.64272161737768e-05,-0.00031391257428193376,-7.404256725550116e-05
244,19:58:17,32.70297,-117.234631,19:58:20.63,9.604166666666664,32.703328,-117.23352,0.0003510999999960518,0.001110999999994533,506.35,434.55,49.36,11.453,531.0,446.0,1.7207427282334934e-05,-2.6058109106425094e-05,4.761985028644755e-06,1.8530386554712868e-05,-7.711716748729889e-05,2.001022325504723e-05,-6.046636339994802e-05,-0.0002752370538907591
249,19:58:17,32.70297,-117.234631,19:58:20.81,9.789351851851846,32.703330833,-117.233524333,0.0003539329999995289,0.0011066669999877377,502.28,434.48,49.56,11.52,527.0,446.0,1.5416423315987965e-05,-2.3176701197452935e-05,-7.786908981348612e-06,1.2847854167251855e-05,-5.1184778913175905e-05,-2.7311543785905722e-05,0.00012850638970213492,-0.0001961821893153555
265,19:58:17,32.70297,-117.234631,19:58:21.5,10.48295454545453,32.703341833,-117.233539833,0.00036493300000017825,0.0010911669999984497,489.27,434.27,50.2,11.733,514.0,446.0,1.4911096778778235e-05,-2.1310130850303924e-05,-2.182861176897309e-07,2.6700051642654952e-06,7.99817820068057e-06,-9.187298761101843e-06,5.1494606793447166e-05,1.8108458891910843e-05
290,19:58:22,32.70297,-117.234631,19:58:22.52,11.493055555555525,32.7033555,-117.233559833,0.00037859999999767524,0.0010711669999921014,468.93,433.79,50.714,12.143,494.0,446.0,1.5441219447207276e-05,-1.864422110787545e-05,3.5743248295173567e-06,1.4607943956281373e-06,1.0244944927166033e-05,-2.6966430916928444e-06,-1.3140713982416168e-05,8.571687365798059e-06
317,19:58:22,32.70297,-117.234631,19:58:23.52,12.493055555555506,32.703372833,-117.233577333,0.0003959330000000705,0.001053666999993652,446.94,432.63,49.171,12.914,472.0,446.0,2.2034552630619366e-05,-1.835009839912965e-05,2.0244627245219687e-05,-2.7203778824990424e-06,-1.8107131966469966e-05,7.999523144657218e-06,-0.00010874672825474476,3.972037699870418e-05
336,19:58:22,32.70297,-117.234631,19:58:24.22,13.196759259259196,32.703390667,-117.233590667,0.00041376699999773336,0.0010403329999917332,431.47,431.81,48.086,13.457,456.0,445.0,4.304087764174405e-05,-2.1757215775208318e-05,-9.719175924551205e-06,8.94078318860409e-06,-0.00013444395053442945,5.032365686968383e-05,0.00010900652168069038,-4.3454043050704285e-05
341,19:58:22,32.70297,-117.234631,19:58:24.41,13.381944444444377,32.7033995,-117.233594833,0.00042260000000027276,0.0010361669999952028,427.4,431.6,47.8,13.6,451.0,445.0,3.931265454843477e-05,-1.942985454622811e-05,-3.909299762137051e-05,1.9904839199672343e-05,-0.00010088878258887265,3.72279342452869e-05,0.0004081536375444352,-0.00015897553601006706
347,19:58:22,32.70297,-117.234631,19:58:24.63,13.604166666666595,32.703406,-117.233598333,0.0004290999999980727,0.0010326669999898286,422.51,431.34,47.457,13.771,446.0,445.0,2.5569163632352702e-05,-1.3049999996119985e-05,-4.611809919917638e-05,2.2316921952540632e-05,5.0333553924578875e-05,-2.1635598336057233e-05,0.00046378358068835716,-0.0001741541554261831
352,19:58:22,32.70297,-117.234631,19:58:24.81,13.789351851851777,32.703410167,-117.233600333,0.0004332669999982386,0.001030666999994878,418.44,431.13,47.171,13.914,442.0,445.0,1.9455875188553826e-05,-9.903721783141302e-06,-2.4151004178466844e-05,1.3296445297103552e-05,0.00010277543096220759,-3.988455594740704e-05,0.00016674907695926678,-5.4389848233537416e-05
366,19:58:22,32.70297,-117.234631,19:58:25.33,14.307870370370285,32.703415833,-117.233604167,0.0004389329999980873,0.0010268329999973957,408.97,430.8,45.981,14.0,432.0,445.0,1.9797633539995856e-05,-8.371621128231387e-06,6.132634829145877e-06,5.429635001581601e-06,2.0188555514339916e-05,-3.980873682725819e-06,-0.00010860458588985774,3.284271057143459e-05
375,19:58:22,32.70297,-117.234631,19:58:25.67,14.641203703703612,32.703424333,-117.233607167,0.00044743299999794317,0.0010238329999907592,403.22,430.63,45.148,14.0,426.0,445.0,2.3014744314799458e-05,-6.0314136259080305e-06,4.6730950277299485e-06,6.50071251174171e-06,-5.1550940140642785e-06,-8.333260404057573e-07,-4.549952023196327e-05,3.748286640916607e-06
391,19:58:22,32.70297,-117.234631,19:58:26.33,15.318452380952282,32.7034365,-117.233607167,0.0004595999999992273,0.0010238329999907592,393.0,430.33,43.667,14.0,415.0,444.0,1.9329550599740393e-05,-2.344209432336101e-06,1.1338744927644206e-07,3.682898347256274e-07,6.041579454409091e-06,-6.130222816939701e-06,6.438227381004921e-06,2.263130917636978e-06
398,19:58:22,32.70297,-117.234631,19:58:26.67,15.651785714285614,32.703443167,-117.233608333,0.0004662670000001867,0.0010226669999866544,388.53,430.2,43.019,14.0,410.0,444.0,2.027868182380288e-05,-3.0542434177993464e-06,4.223026378273022e-06,-1.1952870413589697e-06,6.531549181412954e-06,-3.7213854432299973e-06,-5.979664717086435e-06,5.87936745448737e-06
439,19:58:27,32.70297,-117.234631,19:58:28.26,17.23379629629623,32.703477333,-117.233609833,0.0005004329999991342,0.0010211669999904416,362.33,429.44,39.222,14.0,382.0,443.0,3.728817938358211e-05,2.0736449017262105e-06,-2.8972209145025876e-05,1.9554954990606112e-07,-5.88617741023405e-05,-4.534893094381868e-06,0.00013817968141591243,8.375353234127573e-06
446,19:58:27,32.70297,-117.234631,19:58:28.52,17.493055555555497,32.703487667,-117.233609167,0.0005107669999944164,0.0010218329999958087,357.86,429.31,38.574,14.0,377.0,443.0,2.8089098902662774e-05,1.994934056366495e-06,-4.584203854829689e-05,-1.2101918878599394e-06,-1.541029293018585e-05,-1.9858110584598654e-06,0.0002222915772725916,2.0068756972465157e-05
452,19:58:27,32.70297,-117.234631,19:58:28.74,17.715277777777725,32.703491667,-117.233608833,0.0005147669999985283,0.0010221669999879168,354.03,429.2,38.019,14.0,373.0,443.0,1.5928670467351194e-05,1.5533181613688364e-06,-3.980768160188894e-05,-9.969433318588544e-07,4.4405550978736396e-05,4.423738123739755e-06,0.0001905270779592728,2.1656916405000716e-05
468,19:58:27,32.70297,-117.234631,19:58:29.33,18.307870370370335,32.703497833,-117.233607833,0.0005209329999971146,0.001023166999999603,344.86,428.82,36.821,14.0,363.0,443.0,1.5907124995830427e-05,2.527500002251406e-06,1.3767471128072141e-05,7.098695452358358e-06,3.303320072310376e-05,5.901725263656457e-06,-9.736462670138256e-05,-1.9939321043139857e-05
477,19:58:27,32.70297,-117.234631,19:58:29.67,18.641203703703678,32.703504167,-117.233606833,0.0005272669999953905,0.0010241669999970782,341.0,428.5,36.5,14.0,359.0,442.0,2.3084499996883236e-05,5.916499993929738e-06,1.402075000289159e-05,7.6109999847774555e-06,-1.4079259652463166e-05,-4.950982148135115e-06,-9.074814376101888e-05,-1.9623902805259094e-05
495,19:58:27,32.70297,-117.234631,19:58:30.33,19.307870370370363,32.703525,-117.233599,0.0005480999999960545,0.0010319999999950369,333.29,427.86,35.857,14.0,351.0,442.0,2.241649999845598e-05,7.5824999967717514e-06,-1.5150884801313342e-05,-4.340182441169445e-06,-7.125705672238404e-06,-7.879581114881325e-07,0.00011646410631441323,4.926980911105217e-05
504,19:58:27,32.70297,-117.234631,19:58:30.67,19.641203703703706,32.703531,-117.233597167,0.0005540999999951168,0.0010338329999939333,329.43,427.54,35.536,14.0,347.0,442.0,1.5008057597405906e-05,4.995908775476464e-06,-1.1420828936381412e-05,-1.7463658904267975e-06,4.9367958989913674e-05,2.2806190434876908e-05,7.09940653657435e-05,2.4229393759123297e-05
519,19:58:27,32.70297,-117.234631,19:58:31.27,20.255681818181838,32.703536833,-117.233594667,0.0005599329999981251,0.0010363329999876214,323.0,427.0,35.0,14.0,340.0,441.0,2.022900422154225e-05,1.0734493169228202e-05,6.216059689445158e-05,2.9286815022210478e-05,-1.856881584183612e-05,-1.5038349660838357e-05,-0.0004659683969328032,-0.00020425388400655423
524,19:58:27,32.70297,-117.234631,19:58:31.5,20.48295454545457,32.703542333,-117.233591667,0.0005654329999984498,0.001039332999994258,320.86,426.82,34.821,14.0,338.0,441.0,3.886740000353826e-05,1.90674000066335e-05,4.631368134060438e-05,2.035959075962077e-05,-0.00015434626422287467,-7.34521406857992e-05,-0.00028614922880073755,-0.00010863222528374031
529,19:58:27,32.70297,-117.234631,19:58:31.73,20.710227272727305,32.7035545,-117.233586,0.0005775999999997339,0.0010449999999906368,318.71,426.64,34.643,14.0,336.0,441.0,4.1280677558181204e-05,1.9988852605419723e-05,-7.996795934129812e-06,-4.100521653153748e-06,-0.00014863664711490236,-6.441663388072172e-05,0.00013534222588154266,7.611875397273335e-05
542,19:58:32,32.70297,-117.234631,19:58:32.26,21.233796296296344,32.703561333,-117.2335815,0.0005844330000002174,0.0010494999999934862,313.14,426.18,34.179,14.0,330.0,440.0,1.4641097839575767e-05,8.005915202077048e-06,2.3132339671729513e-05,1.4287994679488753e-05,5.516586351491376e-05,1.9295369764235182e-05,-0.00015609044401418578,-0.00010451461762389918
549,19:58:32,32.70297,-117.234631,19:58:32.52,21.49305555555561,32.703565333,-117.2335795,0.0005884329999972238,0.0010514999999884367,310.44,425.93,33.884,13.983,327.0,440.0,3.0140109878312943e-05,1.6482708792567562e-05,3.6883881546352184e-05,1.7258755500464475e-05,-5.5313191424090335e-05,-4.1744706450301245e-05,-0.0003102088341601221,-0.00014554025386082265
555,19:58:32,32.70297,-117.234631,19:58:32.74,21.71527777777784,32.703574833,-117.233574167,0.0005979329999945548,0.0010568329999927073,308.75,425.74,33.537,13.934,326.0,440.0,3.397499999369943e-05,1.737752144056234e-05,3.953041622174243e-06,-2.1518183769758354e-06,-0.00010216759962569235,-5.69631679223209e-05,-8.74117437732994e-05,-1.2798473176170816e-05
569,19:58:32,32.70297,-117.234631,19:58:33.26,22.233796296296372,32.703581833,-117.233573167,0.0006049329999981978,0.0010578329999901825,304.82,425.27,32.727,13.818,321.0,439.0,1.9928571428501525e-05,8.786571433867015e-06,6.657195436558668e-06,5.073114596184962e-06,1.8465965304091137e-06,3.7720822566507473e-06,-3.44984447126954e-05,-2.9219712179900752e-05
576,19:58:32,32.70297,-117.234631,19:58:33.52,22.49305555555564,32.703587833,-117.23357,0.0006109329999972601,0.0010609999999928732,302.85,425.04,32.322,13.76,319.0,439.0,2.602908790624056e-05,1.2907186834057276e-05,6.69927785589946e-06,4.733802230481206e-06,-3.757301434133151e-05,-2.2774951691387225e-05,-0.00011135481936287706,-6.813916148402676e-05
582,19:58:32,32.70297,-117.234631,19:58:33.74,22.715277777777867,32.703594167,-117.233567,0.000617266999995536,0.0010639999999995098,301.17,424.84,31.975,13.711,317.0,439.0,2.4311857137501985e-05,1.1833428594342898e-05,-8.837963218905404e-06,-4.416093464177694e-06,-5.4567624775799165e-05,-3.139193216968409e-05,-4.363013023884221e-05,-2.0448686265024217e-05
603,19:58:32,32.70297,-117.234631,19:58:34.52,23.493055555555667,32.703601667,-117.233562333,0.0006247669999979166,0.0010686669999984133,295.26,424.15,30.76,13.537,311.0,438.0,1.441506278837975e-05,9.530639906221678e-06,-9.493446767848308e-06,-2.2016337985036104e-06,9.108972104775411e-07,2.5956767618657078e-06,5.241596045925115e-05,3.184203799484253e-05
655,19:58:32,32.70297,-117.234631,19:58:36.5,25.479166666666835,32.7036545,-117.2335255,0.0006775999999959481,0.0011054999999942083,280.65,422.43,27.752,13.107,295.0,436.0,1.1946625504441846e-05,9.007832434650836e-06,1.2097016611809513e-06,1.6782146976903341e-06,9.091319639839631e-06,5.706100201614183e-06,-1.5554804448681998e-06,-1.067364849172436e-06
676,19:58:37,32.70297,-117.234631,19:58:37.33,26.307870370370562,32.703659333,-117.233521333,0.0006824329999943757,0.0011096669999943742,275.86,421.92,26.619,12.924,289.0,435.0,1.3797143433204621e-05,1.1069881018417344e-05,1.0023886460017362e-05,7.704444076781559e-06,5.8402515870525165e-06,3.910986076524203e-06,-8.03809839594629e-06,-5.064191602819278e-06
685,19:58:37,32.70297,-117.234631,19:58:37.67,26.641203703703905,32.703665,-117.233516833,0.0006880999999978599,0.0011141669999972237,274.57,421.84,26.19,12.838,288.0,435.0,1.8183023398811336e-05,1.4337402718228958e-05,1.13276166969345e-05,8.557484182984384e-06,2.6091506801464077e-06,1.8343608187849055e-06,-8.900539375228439e-06,-5.813569445240827e-06
735,19:58:37,32.70297,-117.234631,19:58:39.52,28.49305555555581,32.703710833,-117.233481667,0.0007339329999993538,0.001149332999986541,267.43,421.36,23.81,12.362,279.0,434.0,2.033269218032301e-05,1.7375121200605625e-05,2.7639036498298936e-06,4.498075207241256e-06,-5.717328147544275e-06,-4.648521610911401e-06,-2.7659411526080814e-06,-2.3589734451473603e-06
805,19:58:42,32.70297,-117.234631,19:58:42.33,31.307870370370672,32.703749167,-117.233439667,0.0007722669999949971,0.001191332999994188,260.24,421.0,20.992,11.496,271.0,432.0,3.49713873169788e-05,4.226312322228769e-05,-1.8005408052721212e-05,-1.9096579588600578e-05,-6.099574039881686e-06,-6.403455016253509e-06,1.5338720346282523e-05,1.6483965875974404e-05
814,19:58:42,32.70297,-117.234631,19:58:42.67,31.641203703704015,32.703761667,-117.2334245,0.0007847669999989648,0.0012064999999950032,259.74,421.0,20.709,11.354,270.0,432.0,2.805355843085288e-05,3.4794766306681026e-05,-1.9988112666866917e-05,-2.1152951835230842e-05,-3.7583101190234527e-07,-2.3350647191509992e-07,1.591680884086504e-05,1.670470065534032e-05
837,19:58:42,32.70297,-117.234631,19:58:43.52,32.49305555555589,32.703765,-117.233418167,0.0007880999999940741,0.001212832999996749,258.47,421.0,19.984,10.992,268.0,432.0,1.269283217351691e-05,1.950139130395441e-05,-8.177657531520823e-06,-8.430309892544792e-06,1.04521159900474e-05,1.0066704813952266e-05,6.392541554014604e-06,7.192601897080232e-06
864,19:58:42,32.70297,-117.234631,19:58:44.52,33.49305555555592,32.703788,-117.2333845,0.0008110999999999535,0.001246499999993489,256.98,421.0,19.134,10.567,267.0,432.0,1.608350000026305e-05,2.225000000066692e-05,-1.7313218133969138e-06,-4.078883503457259e-06,9.427256675672426e-06,1.1508364840880796e-05,-1.2441196967681428e-06,1.744549189793201e-06
891,19:58:42,32.70297,-117.234631,19:58:45.52,34.49305555555595,32.703797167,-117.233373667,0.0008202669999946011,0.0012573329999980842,255.5,421.0,18.283,10.142,265.0,431.0,9.230188546722985e-06,1.1343624297039659e-05,1.0676855819824561e-05,1.4586419789217453e-05,7.963876596511045e-06,1.3555803193538766e-05,-1.7187827897621413e-05,-2.2558658962105866e-05
911,19:58:42,32.70297,-117.234631,19:58:46.32,35.30113636363678,32.703804667,-117.233364167,0.0008277669999969817,0.00126683299998831,255.75,421.09,18.564,9.812,265.0,431.0,2.9305055258543053e-05,3.9777287789011326e-05,1.4210207111470716e-05,2.220412825349278e-05,-1.6193256653903485e-05,-2.0741064656106796e-05,-1.8190872862390138e-05,-2.6592282122186824e-05
918,19:58:42,32.70297,-117.234631,19:58:46.64,35.619318181818606,32.7038165,-117.233348,0.0008395999999990522,0.0012829999999866004,256.23,421.15,18.923,9.6923,266.0,431.0,3.2494409158788655e-05,4.521573317928216e-05,6.481242356564805e-06,1.1825130781559233e-05,-2.051498933314886e-05,-2.7216480984129202e-05,-1.2390622193519603e-05,-1.6726509987072086e-05
960,19:58:47,32.70297,-117.234631,19:58:48.26,37.23379629629677,32.7038305,-117.233320833,0.0008535999999992328,0.0013101669999997512,259.1,421.51,21.077,8.9744,270.0,430.0,1.3938619103264546e-05,2.1158947740992744e-05,4.293513606460545e-06,1.2147840275001791e-05,-3.075481235717955e-05,-2.452678310362475e-05,-1.9139409673162575e-05,-3.9915717709348116e-05
967,19:58:47,32.70297,-117.234631,19:58:48.52,37.49305555555603,32.703834333,-117.233315167,0.0008574330000001851,0.0013158329999924945,259.58,421.57,21.436,8.8547,270.0,430.0,1.5709005482444395e-05,2.5434494505614802e-05,-4.903952080120492e-06,4.759602416112687e-06,-3.624965377041523e-05,-3.6606468329147755e-05,2.6944787303092137e-05,2.375160336292139e-06
973,19:58:47,32.70297,-117.234631,19:58:48.74,37.71527777777826,32.703838,-117.233308833,0.0008610999999945079,0.0013221669999978758,259.99,421.62,21.744,8.7521,271.0,430.0,1.2384460209346375e-05,2.425755683666919e-05,-1.3106804923121633e-05,-4.91973583700525e-06,-2.109255647551439e-05,-2.6751372650520463e-05,6.36426832113246e-05,5.299302017933283e-05
989,19:58:47,32.70297,-117.234631,19:58:49.33,38.30787037037087,32.703838833,-117.233301167,0.0008619329999959291,0.0013298329999997804,261.09,421.76,22.564,8.4786,272.0,430.0,7.546687503605463e-06,2.1937094984813936e-05,-6.061469246275722e-07,5.784674623540385e-06,9.408976898937033e-06,1.8313274765202065e-05,-2.147308995780345e-06,3.2720404186820784e-05
998,19:58:47,32.70297,-117.234631,19:58:49.67,38.641203703704214,32.7038425,-117.233292167,0.0008655999999973574,0.0013388329999912685,261.7,421.84,23.026,8.3248,273.0,430.0,8.761687500537761e-06,2.568415498405488e-05,3.3907555706626044e-07,1.1935896191468048e-05,-1.360288997291949e-06,2.1096415849457418e-05,-2.68313678200974e-05,-2.1132374068677597e-05
1014,19:58:47,32.70297,-117.234631,19:58:50.26,39.23379629629682,32.703845333,-117.233278333,0.000868432999993729,0.001352666999991925,262.79,421.97,23.846,8.0513,275.0,430.0,5.479836575362877e-06,3.348916073372694e-05,-4.887453104899413e-06,2.722160884831892e-05,-1.149095121842531e-05,-2.2485485303544183e-05,8.81635764072854e-07,-0.000144964151977109
1021,19:58:47,32.70297,-117.234631,19:58:50.52,39.49305555555609,32.703846833,-117.2332685,0.0008699329999970473,0.001362499999999045,264.75,422.06,24.207,7.9407,277.0,430.0,4.2865219885262346e-06,4.214032418662847e-05,-8.169570135987933e-06,1.5915820655763193e-05,-9.223306564662119e-06,-6.816962886078119e-05,1.9759872064632077e-05,-8.965136171304905e-05
1027,19:58:47,32.70297,-117.234631,19:58:50.74,39.71527777777832,32.7038475,-117.233258333,0.0008705999999989444,0.0013726669999982732,267.37,422.15,24.519,7.8519,280.0,430.0,1.7916742819167704e-06,4.235280128551483e-05,-9.564662826908279e-06,-3.911383603362598e-06,-2.734463372045642e-06,-7.16047429633449e-05,2.4858264244075878e-05,9.237576153885905e-06
1045,19:58:47,32.70297,-117.234631,19:58:51.5,40.48295454545511,32.703845667,-117.233234833,0.000868767000000048,0.0013961669999957849,275.24,422.41,25.452,7.5852,288.0,430.0,-1.14291118393341e-06,2.644155710181421e-05,-2.266698626997752e-06,-1.2159056921916523e-05,4.835022315463515e-06,9.787983350849253e-07,3.527840082938648e-06,5.267559087662538e-05
1070,19:58:52,32.70297,-117.234631,19:58:52.52,41.49305555555615,32.703846167,-117.233213667,0.0008692669999987856,0.001417332999992027,286.16,422.79,26.748,7.2148,300.0,430.0,-1.3644766870962721e-06,2.5546486596042528e-05,-3.5916844770971515e-06,4.409742635950966e-06,-1.778542904387868e-08,-1.4674710220414225e-06,-8.15800664846648e-06,3.109221373072413e-06
1092,19:58:52,32.70297,-117.234631,19:58:53.33,42.307870370370985,32.703843833,-117.233189833,0.0008669329999975162,0.0014411669999958576,295.78,423.11,27.889,6.8889,310.0,430.0,-6.5076158369057734e-06,3.262049560963289e-05,-2.755683370510646e-06,-8.532021613980895e-06,-8.869401025201568e-06,4.701424574166451e-06,7.262121107567193e-06,1.2412230154837597e-05
1101,19:58:52,32.70297,-117.234631,19:58:53.67,42.64120370370433,32.703841167,-117.2331785,0.0008642669999971986,0.0014524999999991905,299.71,423.24,28.356,6.7556,314.0,430.0,-6.941220000324924e-06,2.742915750285769e-05,-7.061523431177424e-06,-4.157902969135818e-06,-3.9770393273866335e-06,9.499013648354446e-06,4.9504357434220594e-05,-5.762539539302005e-05
1117,19:58:52,32.70297,-117.234631,19:58:54.26,43.23379629629694,32.703838167,-117.233169167,0.0008612669999976674,0.0014618329999933621,306.7,423.48,29.185,6.5185,321.0,430.0,-1.7194723601004526e-05,3.6992064821166244e-05,4.907072480354901e-10,-2.346041487239243e-06,6.204933593914395e-05,-0.00010052035493676923,-5.306650679928164e-05,7.968166485213126e-05
1124,19:58:52,32.70297,-117.234631,19:58:54.52,43.493055555556204,32.703832333,-117.233157167,0.0008554329999981292,0.0014738329999914868,309.76,423.59,29.548,6.4148,325.0,430.0,-1.523195604811534e-05,3.428732968614734e-05,2.1773645318663323e-05,-4.015529019349996e-05,2.9634374134662847e-05,-4.976578414724167e-05,-0.000199406084084675,0.00031995110887457
1130,19:58:52,32.70297,-117.234631,19:58:54.74,43.71527777777843,32.703830333,-117.233151833,0.0008534329999960732,0.0014791669999993928,312.39,423.67,29.859,6.3259,327.0,430.0,-7.68804049060799e-06,1.9702457505940815e-05,1.8007101097371345e-05,-3.291532677846542e-05,-2.8845126270688613e-05,4.498845820959839e-05,-0.00016473152248378724,0.00021792811323113347
1143,19:58:52,32.70297,-117.234631,19:58:55.22,44.19675925925993,32.703828,-117.233146833,0.0008510999999984392,0.001484166999986769,318.07,423.87,30.533,6.1333,333.0,430.0,-1.5647261542666574e-05,3.798461539955729e-05,-8.290981054281368e-06,1.6905806328762442e-06,-5.481089204187464e-06,-6.755695749586683e-05,-1.8021315093153943e-06,0.00012669000537491413
1148,19:58:52,32.70297,-117.234631,19:58:55.41,44.38194444444512,32.703824333,-117.233137833,0.0008474329999970109,0.001493166999992468,320.25,423.94,30.793,6.0593,336.0,430.0,-1.6595754556773508e-05,3.571363638624897e-05,-5.8061397035327235e-06,-2.0750933233619935e-05,-9.399392707537749e-06,-1.842361059912285e-05,-5.559951210951492e-05,0.00042888910703423955
1154,19:58:52,32.70297,-117.234631,19:58:55.63,44.604166666667346,32.7038215,-117.233133333,0.0008445999999935339,0.0014976669999953174,324.27,424.0,31.044,6.1333,340.0,430.0,-1.8068481804853383e-05,2.883894547342069e-05,-1.3979569905629358e-05,2.5577482190075807e-06,-3.0939019360699184e-05,0.00012050348886408891,-2.184848082251567e-05,0.000280192160733453
1159,19:58:52,32.70297,-117.234631,19:58:55.81,44.78935185185254,32.703817333,-117.233126667,0.0008404330000004734,0.0015043329999997468,329.93,424.0,31.156,6.4667,346.0,430.0,-2.179190482584505e-05,3.4481407694029345e-05,-1.880756476428758e-05,2.7282842194961174e-05,-2.3398639402413593e-05,0.00011915330460932983,3.80638218061047e-05,-1.3738263334537476e-05
1199,19:58:57,32.70297,-117.234631,19:58:57.52,46.49305555555633,32.703791333,-117.233091667,0.0008144329999950628,0.0015393329999966454,376.19,424.05,32.054,8.9459,392.0,433.0,-3.347506134407233e-05,3.10185741519384e-05,-1.678243576496435e-05,5.170537059099815e-06,-1.51762352268145e-07,-5.307587348059432e-06,8.319890884631658e-06,-2.673702463190355e-05
1226,19:58:57,32.70297,-117.234631,19:58:58.52,47.49305555555636,32.703747167,-117.2330545,0.0007702670000000467,0.0015764999999987594,419.24,424.78,32.784,8.2162,436.0,433.0,-5.608300000048259e-05,4.041700000101292e-05,-1.7720969328018697e-05,4.365712923588572e-06,5.042576126483489e-06,-4.859070560253012e-06,6.691502088381601e-07,3.9862404667218e-07
1253,19:58:57,32.70297,-117.234631,19:58:59.52,48.49305555555639,32.703679167,-117.233010833,0.0007022669999940945,0.0016201669999986734,465.25,425.53,32.472,8.5278,481.0,434.0,-6.891700000011074e-05,3.9749999999115796e-05,-6.697283511997086e-06,-4.547604061406485e-06,1.186538065408213e-06,-4.510339254715049e-06,-6.002252205628456e-06,3.1503305888607207e-06
1280,19:58:57,32.70297,-117.234631,19:59:00.52,49.49305555555642,32.703609333,-117.232975,0.0006324329999998213,0.0016559999999969932,513.79,426.61,31.697,9.303,530.0,436.0,-6.947756702447715e-05,3.1321791878199685e-05,-1.5347893197202203e-05,-4.6549655858417825e-06,-6.961928284773766e-06,1.4415906174686083e-06,3.87604125965065e-06,2.3401572802430714e-06
1305,19:58:57,32.70297,-117.234631,19:59:01.5,50.47916666666751,32.703541167,-117.2329485,0.000564266999994345,0.0016824999999869306,560.5,428.06,31.0,9.8889,576.0,438.0,-9.899171464433762e-05,3.040063669773759e-05,-2.0571028701096916e-05,-1.727172571984442e-06,8.553092120414296e-06,2.371034223744548e-07,1.2119092132589027e-05,-1.4668052023341362e-06
1331,19:59:02,32.70297,-117.234631,19:59:02.52,51.49305555555639,32.703409667,-117.232914,0.00043276699999950097,0.0017169999999993024,606.0,428.78,31.0,8.4444,622.0,437.0,-0.00011009236746110617,2.782276823423669e-05,2.5385610668994073e-06,-4.33467007139179e-06,1.707262501213589e-05,-1.5058425138958716e-06,1.7999818592235109e-06,-5.073102160686319e-07
1385,19:59:02,32.70297,-117.234631,19:59:04.52,53.493055555556445,32.703266833,-117.232882833,0.0002899329999976885,0.0017481669999881433,689.37,430.46,29.54,7.2698,704.0,438.0,-5.180566666732834e-05,1.2083166668711573e-05,1.4115677262303764e-05,-3.1410191758272665e-06,-5.376991947674627e-06,2.2601782534182595e-06,-2.1715097301659526e-06,-3.631497527043218e-07
1412,19:59:02,32.70297,-117.234631,19:59:05.52,54.493055555556474,32.703224833,-117.2328725,0.0002479329999971469,0.001758499999994001,723.19,431.14,29.278,6.8611,738.0,438.0,-4.520382597231655e-05,1.1306538296351819e-05,3.1559102919405055e-06,-4.916451959091139e-08,-3.021852302971019e-06,7.739484325332284e-07,5.889866932440614e-06,-2.168880358039234e-06
1436,19:59:02,32.70297,-117.234631,19:59:06.48,55.459239130435684,32.703178167,-117.232860667,0.0002012669999942318,0.0017703329999960715,742.86,431.47,29.944,6.5278,758.0,438.0,-4.537145018843595e-05,1.1938131635745673e-05,7.646374511704302e-06,-1.4651785185463263e-06,5.968546131356761e-06,-1.9588497263267395e-06,1.7683711714143366e-06,-7.131840303536389e-07
1462,19:59:07,32.70297,-117.234631,19:59:07.52,56.493055555556445,32.7031345,-117.232848667,0.00015759999999431784,0.0017823329999941961,764.17,431.83,30.667,6.1667,780.0,438.0,-2.8816295768353768e-05,8.079538391784526e-06,1.5277930747600034e-05,-4.035922505481441e-06,-5.40246729278598e-07,-3.5628293920469666e-07,-8.233581016689653e-06,2.6732467944519084e-06
1489,19:59:07,32.70297,-117.234631,19:59:08.52,57.493055555556474,32.703118667,-117.232844,0.0001417669999952409,0.0017869999999930997,783.03,431.75,29.093,6.2542,798.0,438.0,-1.4249999999548939e-05,3.749999997637479e-06,7.074647884914421e-06,-2.33151919577138e-06,-1.06481378733149e-05,3.4033273419981136e-06,-4.644704827776021e-06,3.0880603500446497e-06
1516,19:59:07,32.70297,-117.234631,19:59:09.52,58.4930555555565,32.703106,-117.232841167,0.00012909999999521915,0.0017898329999894713,799.27,431.29,25.661,6.7119,812.0,438.0,-1.4666999998524523e-05,3.4165000002416316e-06,-6.018344999030371e-06,2.770732178514979e-06,-9.829656384830903e-06,5.819837760884778e-06,1.0588856491594046e-05,-3.2207296172266183e-06
1543,19:59:07,32.70297,-117.234631,19:59:10.52,59.49305555555653,32.703089333,-117.232837167,0.00011243299999819101,0.0017938329999935831,815.52,430.83,22.229,7.1695,827.0,438.0,-2.6286689997610025e-05,9.291464354667595e-06,-1.2584664884747945e-05,9.308156325998505e-06,1.0529575109873792e-05,-3.0381318924553063e-06,1.8358109246171502e-05,-9.243622262562842e-06
1564,19:59:07,32.70297,-117.234631,19:59:11.33,60.312500000000966,32.703061333,-117.232826,8.443299999782994e-05,0.0018049999999902866,828.15,430.47,19.559,7.5254,838.0,438.0,-3.7247093934222804e-05,1.922433266598805e-05,7.523445753059412e-06,3.886935840666418e-07,2.4229293769324802e-05,-1.0871728363148162e-05,-1.4127131895888148e-05,6.811409200354468e-06
1572,19:59:07,32.70297,-117.234631,19:59:11.67,60.64583333333428,32.7030485,-117.232818833,7.159999999828415e-05,0.001812166999997089,832.97,430.34,18.542,7.661,842.0,438.0,-3.190553577515027e-05,1.776301274251913e-05,1.5557922091874634e-05,-3.2334477715089575e-06,1.533781826059278e-05,-6.381454921082713e-06,-2.486379326064129e-05,1.1895238321017814e-05
1594,19:59:12,32.70297,-117.234631,19:59:12.52,61.4930555555565,32.703035667,-117.232811833,5.8766999998738356e-05,0.0018191669999936266,845.5,429.96,15.917,7.9583,853.0,438.0,-1.972960272153924e-05,1.7501026405951272e-05,9.676977827391012e-06,1.0177791882594336e-06,-1.8284010405897896e-06,3.0366560015431044e-07,-1.1087859988045583e-05,7.378140646246727e-06
1616,19:59:12,32.70297,-117.234631,19:59:13.33,62.30787037037134,32.703016,-117.232790333,3.909999999507363e-05,0.0018406669999961878,851.0,429.5,15.0,7.5,858.0,437.0,-1.5523579173817474e-05,1.937023460570845e-05,1.2193989281555377e-05,-2.4290396718007227e-06,-3.6738485595419215e-06,5.913869962034185e-06,-1.0671965645609449e-05,2.1957030595926065e-06
1625,19:59:12,32.70297,-117.234631,19:59:13.67,62.64120370370468,32.703012,-117.232784833,3.509999999806723e-05,0.0018461669999965125,853.25,429.31,14.625,7.3125,861.0,437.0,-1.0499999994806032e-05,1.7916499999159462e-05,1.0047158358022595e-05,9.255307807488958e-07,-8.377592928137296e-06,6.006287198057182e-06,-5.181357564348938e-06,-9.571828353311903e-06
1643,19:59:12,32.70297,-117.234631,19:59:14.33,63.30787037037137,32.703007,-117.232771,3.0099999996480165e-05,0.0018599999999935335,857.09,428.96,14.261,7.0435,864.0,436.0,-1.0499999994806039e-05,2.5582499986853257e-05,1.8792961958786525e-06,-4.801766333348731e-07,7.466941754603452e-08,-1.3507038452659157e-05,1.2939378975476952e-05,-6.444808458106648e-06
1652,19:59:12,32.70297,-117.234631,19:59:14.67,63.64120370370471,32.703003,-117.232761667,2.6099999999473766e-05,0.001869332999987705,857.35,428.83,15.043,7.1739,865.0,436.0,-9.560351896866684e-06,2.342591167326237e-05,3.958596445187656e-06,-6.8822690061437014e-06,4.431293318863863e-06,-1.1851111269033487e-05,7.649528663331769e-06,9.737937433714166e-06
1675,19:59:12,32.70297,-117.234631,19:59:15.52,64.49305555555658,32.703000167,-117.232751667,2.3266999995996684e-05,0.0018793329999908792,858.01,428.49,17.043,7.5072,867.0,436.0,-3.707243039959599e-06,1.6665235398146522e-05,3.800499272473728e-06,-9.657969829392913e-07,-8.52282957593001e-07,6.828582191048115e-06,-2.273695367322442e-06,9.253700651519085e-06
1699,19:59:12,32.70297,-117.234631,19:59:16.48,65.45923913043579,32.702996167,-117.232730167,1.9266999998990286e-05,0.0019008329999934404,858.71,428.14,19.13,7.8551,868.0,436.0,-3.400147929487427e-06,2.3370956416779312e-05,2.2464376317681386e-06,5.5038250110609134e-06,1.2562864780933054e-06,1.8797251825395435e-06,-4.625128198049509e-07,-1.2397028342372044e-05
1720,19:59:17,32.70297,-117.234631,19:59:17.33,66.30787037037136,32.702993833,-117.2327095,1.69329999977208e-05,0.0019214999999945803,857.57,427.89,20.11,8.0,868.0,436.0,-5.6213104918735645e-08,2.6970862564023104e-05,5.44788485814599e-06,3.5090144730357423e-06,-1.1076615578320275e-06,-1.4063399077944621e-05,3.2511191530582005e-06,2.605493707438179e-05
1729,19:59:17,32.70297,-117.234631,19:59:17.67,66.6412037037047,32.702994167,-117.232700167,1.7266999996934373e-05,0.001930832999988752,856.4,427.8,20.2,8.0,866.0,436.0,1.9571249994498287e-06,2.8044562495636296e-05,4.439707984182858e-06,-2.71233678940722e-06,7.66431336946507e-07,4.927083067736865e-07,6.898755921387238e-06,4.186502142206748e-05
1745,19:59:17,32.70297,-117.234631,19:59:18.26,67.23379629629731,32.702996333,-117.2326835,1.9432999998514333e-05,0.001947499999999991,854.32,427.64,20.36,8.0,864.0,436.0,2.902143639442158e-06,2.0186388572830324e-05,8.887660140488609e-06,1.7761247952426835e-05,6.199349136802717e-06,2.340183627946426e-05,-4.0858028403814735e-05,-0.00014969239592984012
1752,19:59:17,32.70297,-117.234631,19:59:18.52,67.49305555555658,32.702997,-117.232679167,2.0100000000411455e-05,0.0019518329999925754,853.41,427.57,20.43,8.0,864.0,436.0,6.033560430702206e-06,2.830984615751278e-05,1.0346699879147715e-05,2.256399356042093e-05,-1.0067727167803696e-05,-3.677125229448665e-05,-5.4832041347587625e-05,-0.00018663626763523372
1758,19:59:17,32.70297,-117.234631,19:59:18.74,67.71527777777881,32.702999,-117.232670667,2.209999999536194e-05,0.0019603329999995367,852.63,427.51,20.49,8.0,863.0,436.0,8.002994302894228e-06,3.165371593202436e-05,5.11981729441784e-06,3.8600083119246776e-06,-2.0745502230317872e-05,-6.958694393088893e-05,-2.5510468033312683e-05,-7.237940613497269e-05
1774,19:59:17,32.70297,-117.234631,19:59:19.33,68.30787037037142,32.703002167,-117.232662333,2.5266999998052597e-05,0.0019686669999998685,850.55,427.35,20.65,8.0,861.0,435.0,5.122672493449304e-06,1.626226497869216e-05,-2.7878867022690882e-06,-1.4335135252309384e-05,-2.448101050708707e-07,6.500252400125384e-06,2.8363526692990158e-05,8.507386636801771e-05
1783,19:59:17,32.70297,-117.234631,19:59:19.67,68.64120370370476,32.703003833,-117.2326565,2.6932999993789508e-05,0.001974499999988666,849.38,427.26,20.74,8.0,860.0,435.0,4.581999991870462e-06,1.3665999979650244e-05,-4.133449976251137e-07,-5.1925299838730494e-06,8.041312929774656e-06,2.6735093336025866e-05,1.3558516474895452e-05,3.1551891941218316e-05
1801,19:59:17,32.70297,-117.234631,19:59:20.33,69.30787037037145,32.703006333,-117.2326525,2.9432999994583042e-05,0.0019784999999927777,847.04,427.08,20.92,8.0,858.0,435.0,5.918000002935579e-06,1.366600000807152e-05,6.171114043348757e-06,1.1707235614434869e-05,2.0138537401842227e-06,8.899513474862365e-06,-1.4681901358189303e-05,-4.006315256627144e-05
1810,19:59:17,32.70297,-117.234631,19:59:20.67,69.64120370370479,32.703008667,-117.232646667,3.176699999585253e-05,0.001984332999995786,845.74,427.0,21.014,7.9855,856.0,435.0,8.669557021843765e-06,1.9519617808183803e-05,5.53192615319743e-06,1.1932050952289197e-05,-3.820232141513029e-06,-6.673167842983048e-06,-1.0445820862268872e-05,-3.34932591502353e-05
1826,19:59:17,32.70297,-117.234631,19:59:21.33,70.3184523809535,32.703016833,-117.232630667,3.99329999964948e-05,0.0020003329999980224,841.57,427.0,21.246,7.7536,852.0,435.0,8.66955702184363e-06,1.9855366491349467e-05,3.266122858087174e-07,-2.697640062364138e-06,-1.1850124542341019e-06,-1.1159164951426351e-05,2.698891863928074e-05,4.0298418834243e-05
1833,19:59:17,32.70297,-117.234631,19:59:21.67,70.65178571428686,32.703019167,-117.232624667,4.226699999776429e-05,0.0020063329999970847,839.74,427.0,21.348,7.6522,850.0,435.0,8.832012611920405e-06,1.843223693781884e-05,9.981716880279993e-07,-4.704140994594947e-06,1.1600785114059254e-05,9.971826894884796e-06,2.1830187532338626e-05,3.9710615411376296e-05
1847,19:59:22,32.70297,-117.234631,19:59:22.26,71.23379629629747,32.703026167,-117.2326135,4.926699999430184e-05,0.002017499999993788,836.09,427.0,21.551,7.4493,847.0,434.0,9.932043627573951e-06,1.5252577885665856e-05,1.7491439045044592e-05,1.7350100178634216e-05,7.511091405433247e-06,9.017598899374292e-06,-0.00011181926285637257,-0.00013518825363074464
1854,19:59:22,32.70297,-117.234631,19:59:22.52,71.49305555555674,32.7030285,-117.23261,5.15999999990413e-05,0.0020209999999991624,834.26,427.0,21.652,7.3478,845.0,434.0,1.6268637357702776e-05,2.2385423071598354e-05,1.7033446629415395e-05,1.6353204986450412e-05,-3.358137806948842e-05,-4.145451053970582e-05,-9.225286778871175e-05,-8.311877830797528e-05
1860,19:59:22,32.70297,-117.234631,19:59:22.74,71.71527777777897,32.7030335,-117.232603333,5.659999999352294e-05,0.0020276669999930164,832.7,427.0,21.739,7.2609,844.0,434.0,1.8642857126392006e-05,2.389390712441452e-05,3.510949427639417e-06,-2.259291821879744e-08,-4.146360443609022e-05,-3.867594862086222e-05,-3.295360705721293e-07,3.91797806234005e-05
1874,19:59:22,32.70297,-117.234631,19:59:23.26,72.2337962962975,32.7030385,-117.232598333,6.159999999511001e-05,0.0020326669999946034,829.04,427.0,21.942,7.058,840.0,434.0,1.1784857149572031e-05,1.564200001524709e-05,5.4679450440642315e-06,2.228721040324116e-05,8.81170598370219e-07,1.3914464725634036e-05,-2.6450363684585955e-05,-0.000128949782664005
1881,19:59:22,32.70297,-117.234631,19:59:23.52,72.49305555555677,32.703041833,-117.2325935,6.493299999732471e-05,0.0020375000000001364,827.37,427.0,22.083,7.0,838.0,434.0,1.562578021646873e-05,2.637222528268854e-05,5.3213735948797895e-06,2.212094029951178e-05,-1.9991275704250834e-05,-4.938027631366007e-05,-5.7337783624899436e-05,-0.00016966558304212066
1887,19:59:22,32.70297,-117.234631,19:59:23.74,72.715277777779,32.703045833,-117.232586167,6.893299999433111e-05,0.0020448329999993575,826.12,427.0,22.25,7.0,837.0,434.0,1.4999999991057435e-05,2.7618071422961165e-05,-2.8213090097415155e-06,1.863936273484418e-06,-2.831962948584442e-05,-7.289873440194928e-05,-2.223274285915563e-05,-6.334193614739414e-05
1908,19:59:22,32.70297,-117.234631,19:59:24.52,73.4930555555568,32.703049333,-117.232579333,7.243299999970532e-05,0.0020516669999892656,821.75,427.0,22.833,7.0,833.0,434.0,1.279122621825022e-05,1.8880233161817092e-05,-2.192150303588802e-06,-5.133334814510133e-06,-4.111895668369958e-06,-6.494399336292283e-06,2.0323416375373523e-05,5.0862074810750505e-05
1930,19:59:22,32.70297,-117.234631,19:59:25.33,74.30787037037163,32.703066833,-117.232555333,8.993299999815463e-05,0.0020756669999997257,817.17,427.0,23.444,7.0,829.0,434.0,1.1557917889699643e-05,1.990544866291473e-05,-9.74306701811333e-06,-8.28924298927064e-06,3.2281836283820027e-06,5.486295007572053e-06,2.108051399308848e-05,1.9037369342134704e-05
1939,19:59:22,32.70297,-117.234631,19:59:25.67,74.64120370370497,32.703069333,-117.23255,9.243299999894816e-05,0.0020809999999897855,815.29,427.0,23.694,7.0,827.0,434.0,7.188029609730161e-06,1.5840441028307662e-05,-6.963112475285475e-06,-5.184188663078458e-06,1.1901235470101029e-05,1.2423056141027428e-05,1.1351798931240624e-05,4.676672794133414e-06
1956,19:59:22,32.70297,-117.234631,19:59:26.35,75.32880434782734,32.703073833,-117.232539333,9.693299999469218e-05,0.0020916669999877513,811.75,427.0,24.167,7.0,824.0,434.0,1.111836013094965e-05,2.221984423911305e-05,6.271577315040301e-06,7.766098482212897e-06,-1.0972032696476068e-06,-7.244914769401006e-06,-1.83013053483312e-05,-2.015700602942587e-05
1963,19:59:22,32.70297,-117.234631,19:59:26.65,75.63315217391428,32.703077833,-117.232531667,0.00010093299999880401,0.002099332999989656,810.29,427.0,24.361,7.0,822.0,434.0,1.3101942587052568e-05,2.4379799638340072e-05,3.196964906330025e-06,2.04799579896882e-06,-6.585968882204972e-06,-1.2241780856200087e-05,-1.3263574064518644e-05,-1.271836344626226e-05
1985,19:59:27,32.70297,-117.234631,19:59:27.52,76.4930555555568,32.703089,-117.232512667,0.00011209999999550746,0.002118332999998529,805.71,427.0,24.972,7.0,818.0,434.0,7.783592695625546e-06,1.38739866364832e-05,6.076829487953086e-06,7.425859003819879e-06,-6.4000328690552946e-06,-1.4189158562322387e-05,-2.8795608665328033e-05,-7.8759566775495e-05
2003,19:59:27,32.70297,-117.234631,19:59:28.19,77.15972222222348,32.7030915,-117.232507667,0.000114599999996301,0.002123333000000116,801.96,427.0,25.472,7.0,815.0,434.0,1.8172295469621102e-05,2.8977272657985942e-05,-3.228714013652067e-06,-1.2599723437861041e-05,-4.059198768029698e-05,-0.00010623223646568336,0.00026912315500969206,0.0002868244674522006
2007,19:59:27,32.70297,-117.234631,19:59:28.33,77.30787037037163,32.703094667,-117.232502667,0.00011776699999899165,0.0021283329999874923,801.12,427.0,25.583,7.0,814.0,434.0,1.707464999682834e-05,2.594999996858704e-05,-1.0119170540046538e-05,-3.084627247156487e-05,9.826622517899265e-06,-4.975160476717505e-05,0.0002954402280642809,0.000462322371935461
2012,19:59:27,32.70297,-117.234631,19:59:28.52,77.49305555555682,32.703096833,-117.232499667,0.00011993299999346618,0.002131332999994129,800.08,427.0,25.722,7.0,813.0,434.0,1.4573399989714186e-05,1.7827500015953762e-05,4.741593831569632e-06,-2.3065874926059496e-05,5.4147639110004836e-05,5.463172984368658e-05,-0.0001587499491173557,9.016419144722224e-05
2016,19:59:27,32.70297,-117.234631,19:59:28.67,77.64120370370497,32.703099333,-117.232496833,0.00012243299999425972,0.002134166999994136,799.25,427.0,25.833,7.0,812.0,434.0,1.7438625016019183e-05,1.6875000005356355e-05,9.670075063070316e-06,-1.3476868063532769e-05,-1.655113127357212e-05,1.1870180078661746e-05,-0.00038918605652364213,-0.00030963679550093744
2020,19:59:27,32.70297,-117.234631,19:59:28.81,77.78935185185313,32.703102,-117.232494667,0.00012509999999821275,0.002136332999995716,798.42,427.0,25.944,7.0,811.0,434.0,1.7438607415809177e-05,1.3834353923055051e-05,-1.6244506430372814e-07,-1.954878453238184e-05,-6.116674800811463e-05,-3.7112505860297505e-05,-0.0002742232296800735,-0.00030226436022366373
2066,19:59:27,32.70297,-117.234631,19:59:30.52,79.49305555555688,32.703120667,-117.2324865,0.0001437669999972968,0.0021444999999999936,790.08,427.0,23.8,7.0,802.0,434.0,1.3981456822299187e-05,-3.5690932666710036e-07,-2.436847280824117e-06,-6.896752626043216e-06,-6.905854591911511e-07,3.7363344333014798e-06,1.7037476976063575e-05,4.048467531750603e-06
2090,19:59:27,32.70297,-117.234631,19:59:31.48,80.45923913043609,32.703135833,-117.232489667,0.00015893299999447663,0.002141332999997303,785.76,427.0,22.6,7.0,797.0,434.0,1.1403651155687895e-05,-6.235308223770343e-06,-2.750999005354237e-06,-5.308552388599638e-06,5.656281764178588e-06,-3.2712697070793897e-06,2.5490084822395063e-07,-8.010514807408793e-07
2109,19:59:32,32.70297,-117.234631,19:59:32.26,81.23379629629758,32.703142,-117.232496333,0.00016509999999669844,0.0021346669999928736,782.34,427.0,21.65,7.0,793.0,434.0,9.221325960838303e-06,-9.865492959794907e-06,5.344202995512271e-06,-1.0894276836070307e-05,1.9330566920074456e-06,1.1444095609407321e-07,-3.0449002543854233e-05,2.68468381153261e-05
2116,19:59:32,32.70297,-117.234631,19:59:32.52,81.49305555555685,32.7031445,-117.232499,0.00016759999999749198,0.0021319999999889205,781.08,427.0,21.3,7.0,792.0,434.0,1.1315126366247025e-05,-1.3228615370239685e-05,5.106152322017109e-06,-1.0228867882458978e-05,-8.186326696378252e-06,9.02515143646433e-06,-3.0150109875080586e-05,2.6573737463327192e-05
2122,19:59:32,32.70297,-117.234631,19:59:32.74,81.71527777777908,32.703147333,-117.2325025,0.00017043299999386363,0.002128499999997757,780.0,427.0,21.0,7.0,790.0,434.0,1.1884124985872228e-05,-1.497918746462399e-05,1.9025626609548605e-06,-6.993074094553118e-06,-1.3194580164468627e-05,1.3445446272486377e-05,-1.8886172931617528e-05,1.639811635530602e-05
2170,19:59:32,32.70297,-117.234631,19:59:34.52,83.49305555555691,32.703156167,-117.232518167,0.00017926700000003848,0.0021128329999982043,774.67,428.19,19.815,6.4074,785.0,435.0,5.9092159051378306e-06,-1.4831758936881528e-05,-4.180981662565229e-06,1.043263839260032e-06,5.154874887426264e-06,-7.083561548020799e-06,3.7014761545288003e-06,-2.7425404165870845e-06
2192,19:59:32,32.70297,-117.234631,19:59:35.33,84.30787037037175,32.703161333,-117.2325325,0.00018443299999404417,0.0020984999999882348,772.22,428.73,19.272,6.1358,782.0,435.0,2.196219945939761e-06,-1.362304836914803e-05,3.2223765694679627e-06,-9.062120255209852e-06,5.698574069599203e-06,-6.029927182597303e-06,-1.0086178271678554e-05,-2.8428349289442238e-05
2201,19:59:32,32.70297,-117.234631,19:59:35.67,84.64120370370509,32.7031615,-117.2325365,0.00018459999999720367,0.002094499999998334,771.22,428.95,19.049,6.0247,781.0,435.0,4.331150275459282e-06,-1.808178299863325e-05,4.659987771315553e-06,-1.0203168467038568e-05,8.701357207335056e-07,-1.9558968068408647e-05,-6.228730593405635e-06,-3.289537720879441e-05
2216,19:59:32,32.70297,-117.234631,19:59:36.27,85.25568181818322,32.7031685,-117.2325545,0.00019159999999374122,0.002076499999986936,768.79,428.91,19.461,6.3688,779.0,435.0,5.21818482648981e-06,-2.0757150657500084e-05,1.2949508944126976e-06,-4.049958124086358e-05,6.395363620870993e-06,-3.105963231597481e-05,-2.185793303201406e-06,0.00022470412381778924
2221,19:59:32,32.70297,-117.234631,19:59:36.5,85.48295454545595,32.703169167,-117.2325585,0.00019226699999563834,0.002072499999997035,767.94,428.87,19.638,6.5106,778.0,435.0,5.500000001745591e-06,-3.299999997921025e-05,3.7463679570849192e-06,-4.6024945981532194e-05,4.959011408881206e-06,4.047134034265129e-05,-1.9125339751872565e-05,0.00026839898987545525
2226,19:59:32,32.70297,-117.234631,19:59:36.73,85.71022727272869,32.703171,-117.2325695,0.00019409999999453476,0.0020614999999963857,767.09,428.84,19.816,6.6525,777.0,435.0,6.921079352437548e-06,-4.167758064910622e-05,3.549046989358764e-06,-2.2103517448748832e-05,-2.297972629980419e-06,9.093990853650832e-05,-2.3545175724749573e-05,0.00014364081161645205
2246,19:59:37,32.70297,-117.234631,19:59:37.52,86.49305555555699,32.703173333,-117.232584,0.00019643299999927422,0.002046999999990362,763.68,428.7,20.525,7.2199,774.0,436.0,2.409088163714539e-06,-1.562842108642718e-05,-2.1050890410635896e-06,1.0489406729849227e-05,1.8810773454185621e-06,-8.068754051874126e-06,6.849069849936577e-06,-8.881483252669254e-05
2265,19:59:37,32.70297,-117.234631,19:59:38.22,87.19675925926072,32.703174667,-117.232593167,0.00019776699999596303,0.002037832999988609,760.45,428.56,21.199,7.7589,771.0,436.0,3.242084202114662e-06,-2.2661064453973617e-05,4.977470916156537e-06,-2.6629934080529984e-05,7.656408085828282e-06,-4.6744769500146096e-05,-4.8150479649290316e-05,0.00021001475152554813
2270,19:59:37,32.70297,-117.234631,19:59:38.41,87.3819444444459,32.703175333,-117.232597833,0.0001984329999942247,0.002033166999993341,759.6,428.52,21.376,7.9007,770.0,436.0,4.348718177996178e-06,-2.8403263636339084e-05,6.277961576315087e-06,-3.4993791617549596e-05,-4.006815659956225e-06,5.059882588275671e-06,-6.727615851893818e-05,0.0003301657135898016
2276,19:59:37,32.70297,-117.234631,19:59:38.63,87.60416666666814,32.7031765,-117.232605,0.00019959999999485944,0.0020259999999865386,758.57,428.48,21.589,8.0709,769.0,437.0,5.824390912258703e-06,-3.724257271564644e-05,2.44636736970812e-06,-2.0476116387750957e-05,-2.0102339853063912e-05,9.187553244707814e-05,-2.6651423663840087e-05,0.00018233359230454077
2281,19:59:37,32.70297,-117.234631,19:59:38.81,87.78935185185333,32.703177667,-117.232612667,0.0002007669999954942,0.0020183329999952093,757.72,428.45,21.766,8.2128,769.0,437.0,5.630175003181026e-06,-3.8055931542215924e-05,-1.7176717887811565e-06,6.344751013669116e-07,-1.7973215345573983e-05,9.349026681519388e-05,1.4637841463823102e-05,-1.949580547104809e-05
2300,19:59:37,32.70297,-117.234631,19:59:39.52,88.49305555555705,32.703179833,-117.2326305,0.00020293299999707415,0.0020004999999940765,754.49,428.31,22.44,8.7518,766.0,437.0,2.6327391326017333e-06,-2.4167914188602166e-05,-2.2984737296920695e-06,1.1586879685390953e-05,7.256023774086277e-07,4.321004059616123e-06,1.6179633377214085e-05,-7.970794651461357e-05
2327,19:59:37,32.70297,-117.234631,19:59:40.52,89.49305555555708,32.703181833,-117.232653,0.00020493299999913006,0.00197799999999404,749.89,428.12,23.397,9.5177,762.0,438.0,3.1210070270653846e-06,-2.4160800077113108e-05,6.311137849317928e-07,-6.89247291490127e-08,2.1371299442540278e-06,-8.588560220046075e-06,8.513389134087485e-07,-8.804149543577543e-06
2396,19:59:42,32.70297,-117.234631,19:59:43.33,92.30787037037189,32.7031995,-117.232734167,0.00022259999999363345,0.0018968329999893285,732.75,428.5,25.25,9.75,745.0,438.0,6.029269509951634e-06,-2.495728003285968e-05,3.6795290585596603e-07,5.820407175593178e-08,9.50144271963944e-08,-8.426608343108179e-07,-6.252183327931028e-07,2.0701499147324187e-06
2405,19:59:42,32.70297,-117.234631,19:59:43.67,92.64120370370523,32.7032015,-117.232742333,0.00022459999999568936,0.0018886669999886863,730.28,428.59,25.466,9.7067,743.0,438.0,6.1256607835255155e-06,-2.492441167339582e-05,4.070653996985421e-07,-2.577285972346014e-07,-1.0943365447480462e-07,-1.7951939280354276e-07,-1.4967097875653567e-07,5.40386610399295e-07
2474,19:59:42,32.70297,-117.234631,19:59:46.32,95.30592105263318,32.7032205,-117.232817833,0.00024359999999745696,0.0018131669999945643,711.38,429.25,27.125,9.375,725.0,439.0,9.721719781326742e-06,-3.3201860958942224e-05,-4.715258393770791e-06,1.5629893583122924e-05,9.368975579904336e-06,-2.9607168744498958e-05,2.119778570810759e-06,-7.430751747990641e-06
2480,19:59:42,32.70297,-117.234631,19:59:46.63,95.6217105263174,32.703223667,-117.2328285,0.0002467670000001476,0.0018024999999965985,709.73,429.31,27.269,9.3462,723.0,439.0,8.005726139062401e-06,-2.756493102731611e-05,-1.3340765964862374e-06,4.9491312276529706e-06,9.98459337908101e-06,-3.181852252310702e-05,-1.5261558980196943e-05,4.770347904093794e-05
2494,19:59:47,32.70297,-117.234631,19:59:47.26,96.23379629629792,32.703226167,-117.232838,0.0002492669999938357,0.001792999999992162,705.89,429.44,27.606,9.2788,720.0,439.0,1.2053234797478269e-05,-3.9841410119026074e-05,3.920206246408681e-06,-1.2149139742682942e-05,-1.977573982293844e-05,6.228278354826946e-05,-3.6827838701693766e-05,0.00011925194873104106
2501,19:59:47,32.70297,-117.234631,19:59:47.52,96.49305555555719,32.703230167,-117.232851,0.00025326699999794755,0.0017799999999965621,703.98,429.51,27.774,9.2452,718.0,439.0,1.2773917584004324e-05,-4.2122818668537815e-05,-4.321148402150291e-06,1.3905329465414718e-05,-2.80286281803518e-05,8.94128335451651e-05,-4.239683147037472e-06,1.660708338401429e-05
2507,19:59:47,32.70297,-117.234631,19:59:47.74,96.71527777777942,32.7032325,-117.232858833,0.0002555999999955816,0.0017721669999986034,702.33,429.57,27.918,9.2163,716.0,439.0,1.0461105266485463e-05,-3.47079743765937e-05,-9.833645959272888e-06,3.1663804934341855e-05,-2.3714992137174733e-05,7.633426886692588e-05,1.850327221009659e-05,-5.631973412489225e-05
2619,19:59:52,32.70297,-117.234631,19:59:52.26,101.2337962962981,32.703276333,-117.232966,0.0002994329999950196,0.0016649999999884812,664.09,430.89,32.573,9.0,680.0,440.0,1.8765599728019213e-05,-4.809972209965634e-05,-1.67302869047891e-05,4.77673399228995e-05,-2.3539782674439656e-05,5.464992889633329e-05,0.0001129549020355978,-0.00028414256720792454
2626,19:59:52,32.70297,-117.234631,19:59:52.52,101.49305555555736,32.703281333,-117.232978833,0.00030443299999660667,0.0016521669999889355,661.39,430.99,32.947,9.0,678.0,440.0,1.415190659165191e-05,-3.49609450579812e-05,-2.316065568792554e-05,6.269577187071262e-05,7.424508922639032e-06,-2.3172046670887777e-05,0.00013081264250557132,-0.00032997762518033433
2632,19:59:52,32.70297,-117.234631,19:59:52.74,101.71527777777959,32.7032835,-117.232983833,0.00030659999999471665,0.0016471669999873484,660.17,431.0,30.5,9.0,675.0,440.0,7.983192852378525e-06,-1.8739478575062214e-05,-1.5372220065121573e-05,4.216487743716806e-05,3.8661403386496537e-05,-0.00010217795982064495,5.4882464080659075e-05,-0.00014673581932414797
2646,19:59:52,32.70297,-117.234631,19:59:53.26,102.23379629629812,32.7032855,-117.232989,0.00030859999999677257,0.0016419999999897072,651.33,431.0,34.333,9.0,668.0,440.0,1.4999142851174598e-05,-3.4178785707945913e-05,9.046253570102112e-06,-2.2659689596134998e-05,-3.6547553246450016e-05,7.434787960727627e-05,-0.0001238360240058043,0.0002941073029014308
2653,19:59:52,32.70297,-117.234631,19:59:53.52,102.49305555555739,32.703290833,-117.233001,0.00031393299999393776,0.0016299999999915826,648.97,431.0,34.359,9.1282,666.0,440.0,1.6763142850959836e-05,-3.9131060434333294e-05,-1.1271302212323666e-05,2.2459516453910138e-05,-6.590376786824975e-05,0.00014459148198974454,3.07816366834832e-05,-6.714328089196244e-05
2659,19:59:52,32.70297,-117.234631,19:59:53.74,102.71527777777962,32.703293833,-117.233008333,0.0003169329999934689,0.0016226669999923615,647.74,431.0,33.59,9.2821,665.0,440.0,1.0815494319047403e-05,-2.6223647722402972e-05,-2.3542498762246208e-05,4.89833871158594e-05,-3.163240411800663e-05,6.527401193473948e-05,0.00013703370154855712,-0.00031311250010574744
2675,19:59:52,32.70297,-117.234631,19:59:54.33,103.30787037037223,32.703296,-117.233013167,0.0003190999999986843,0.001617832999997404,644.46,431.0,31.538,9.6923,660.0,441.0,1.955812494678407e-06,-1.1576655002407468e-05,-5.012793972294834e-06,2.1991476002013555e-06,2.2412360726520582e-05,-5.10338555582259e-05,2.026739270657713e-05,-3.3580411513896615e-05
2684,19:59:52,32.70297,-117.234631,19:59:54.67,103.64120370370557,32.703296333,-117.233017667,0.00031943299999426245,0.0016133329999945545,642.62,431.0,30.385,9.9231,658.0,441.0,2.1482410030165263e-06,-1.506566566761364e-05,7.973961665727486e-07,-9.578159718790877e-06,1.5868193051274447e-05,-3.172311702276814e-05,-1.8188320299769383e-05,5.320835477912677e-05
2755,19:59:57,32.70297,-117.234631,19:59:57.52,106.49305555555755,32.7033305,-117.233098833,0.0003535999999968453,0.0015321669999934784,608.5,432.0,32.528,8.0556,625.0,440.0,9.792815230320266e-06,-2.0693406226513812e-05,7.930410098690372e-06,-1.1995919561841982e-05,-7.653319918252809e-07,4.76091185459856e-06,-2.7408287281007274e-05,5.3923717502659085e-05
2775,19:59:57,32.70297,-117.234631,19:59:58.26,107.23379629629831,32.703337333,-117.233112667,0.0003604329999973288,0.001518332999992822,598.57,432.0,33.095,9.0,615.0,441.0,1.667726429041734e-05,-3.150761426929088e-05,6.735018686699522e-06,-7.390203657311822e-06,-2.5218945951905357e-05,5.2617944822945414e-05,-2.2538403093472236e-05,3.0332365066126438e-05
2782,19:59:57,32.70297,-117.234631,19:59:58.52,107.49305555555758,32.703342333,-117.233122,0.0003654329999989159,0.0015089999999986503,595.24,432.0,33.317,9.0,612.0,441.0,1.819117582090035e-05,-3.27694450641099e-05,-1.945176948498723e-06,1.0461876832414653e-05,-3.011181932451106e-05,5.7371786057467486e-05,1.5742098609949693e-05,-5.113005188544545e-05
2788,19:59:57,32.70297,-117.234631,19:59:58.74,107.7152777777798,32.703346167,-117.233128667,0.0003692669999963982,0.0015023329999905854,592.38,432.0,33.508,9.0,609.0,441.0,1.6276142849237598e-05,-2.7524785742067076e-05,-7.994990398060936e-06,2.1023307634655016e-05,-2.002031610515692e-05,3.277787675330311e-05,4.233191950559609e-05,-9.960159027383961e-05
2809,19:59:57,32.70297,-117.234631,19:59:59.52,108.4930555555576,32.703356167,-117.233143333,0.00037926699999957236,0.0014876669999921432,582.38,432.0,34.175,9.0,599.0,441.0,1.1752830358892206e-05,-1.819028571579701e-05,-3.955882008975039e-06,6.3683489437747e-06,4.520487727345428e-06,-1.4552300229131817e-05,1.652505800728177e-05,-2.9071984309148145e-05
2836,19:59:57,32.70297,-117.234631,20:00:00.52,109.49305555555763,32.7033665,-117.233160667,0.0003895999999983246,0.0014703329999861126,569.63,432.01,34.929,9.0,587.0,441.0,1.0188126822417915e-05,-1.906455960202331e-05,-3.002320916945371e-07,-2.668507621562122e-06,1.724597653527482e-06,-2.7628697607125443e-06,-1.071245509567817e-05,5.566424634982596e-06
2856,19:59:57,32.70297,-117.234631,20:00:01.35,110.33750000000207,32.703375,-117.233178,0.00039809999999818046,0.0014529999999979282,562.25,432.25,33.5,9.0,579.0,441.0,1.0836274915980459e-05,-2.2597409748539854e-05,-2.2091232938693483e-07,-5.277028536321374e-07,-1.2966670546559002e-05,-2.499874352150313e-06,2.072507848260996e-05,-2.405748848230014e-05
2862,19:59:57,32.70297,-117.234631,20:00:01.65,110.63750000000205,32.703378333,-117.233185,0.00040143300000039517,0.0014459999999871798,560.04,432.32,33.071,9.0,577.0,441.0,1.066465260390648e-05,-2.236607484976203e-05,-5.5028986898888926e-06,-1.8142941978859827e-06,-2.686076913176043e-06,-1.2314335848803987e-05,7.444747659986385e-05,-7.670770432944649e-05
2875,20:00:02,32.70297,-117.234631,20:00:02.22,111.1967592592613,32.703383833,-117.2331965,0.00040693299999361443,0.0014344999999877928,555.24,432.48,32.143,9.0,571.0,441.0,2.446377381584014e-06,-2.6076206434754584e-05,8.550595758990773e-06,-1.7068550377775818e-05,8.08385968620339e-05,-0.00010107942544422229,-0.00012508697283797926,2.3519800769753677e-05
2880,20:00:02,32.70297,-117.234631,20:00:02.41,111.38194444444649,32.703383833,-117.233201667,0.00040693299999361443,0.0014293329999901516,553.39,432.54,31.786,9.0,569.0,442.0,5.45522728081279e-06,-2.9876890908620175e-05,2.6936810774737283e-05,-4.0312569753381345e-05,4.084605423012288e-05,-8.554909471879049e-05,-0.00033217424960140516,0.0002920624152137567
2886,20:00:02,32.70297,-117.234631,20:00:02.63,111.60416666666872,32.7033865,-117.233208833,0.00040959999999756747,0.0014221669999869846,551.18,432.61,31.357,9.0,567.0,442.0,1.4291590915795288e-05,-4.4112272701240726e-05,2.0429843220122955e-05,-4.866518371503037e-05,-6.396098418506128e-05,3.487329869665063e-05,-0.0002739126666771279,0.000402413901202843
2891,20:00:02,32.70297,-117.234631,20:00:02.81,111.78935185185391,32.7033895,-117.233218833,0.0004125999999970986,0.0014121669999980213,549.33,432.67,31.0,9.0,565.0,442.0,1.509128516376605e-05,-5.074872117443168e-05,3.2334217368861755e-06,-3.102505717798497e-05,-8.417335977477884e-05,8.786864009739057e-05,-9.3739880695491e-05,0.00025300236481989256
2937,20:00:02,32.70297,-117.234631,20:00:04.52,113.49305555555766,32.703397833,-117.233254333,0.00042093299999379497,0.0013766669999881742,536.6,432.76,26.6,9.0,550.0,442.0,3.594848420966721e-06,-2.8186271585437547e-05,-4.007404897039807e-06,2.8763339745230493e-06,-2.3887055027743503e-06,-1.038182968758428e-06,1.6818144634937443e-05,-2.469367343174936e-05
2964,20:00:02,32.70297,-117.234631,20:00:05.52,114.49305555555769,32.703400667,-117.233286833,0.0004237669999938021,0.0013441669999991745,533.0,432.4,23.0,9.0,544.0,441.0,1.1960000000029477e-06,-3.139482369504437e-05,-5.303581864045694e-06,-1.0450855325698712e-05,-3.875323310037938e-06,-9.595971895315172e-06,1.2995745345388226e-05,7.576323911108731e-05
2982,20:00:02,32.70297,-117.234631,20:00:06.24,115.22321428571645,32.703400667,-117.233309167,0.0004237669999938021,0.0013218329999915568,530.6,432.16,20.6,9.0,541.0,441.0,-4.225062284594428e-06,-4.2886708890087916e-05,-9.508207869172095e-06,-1.54682074355104e-05,1.3334641527943877e-05,9.067743759614522e-05,3.739821778540049e-05,0.0001227171555109727
2987,20:00:02,32.70297,-117.234631,20:00:06.48,115.4613095238117,32.703399333,-117.233320333,0.00042243299999711326,0.0013106669999984888,529.93,432.09,19.933,9.0,540.0,441.0,-6.650699990728439e-06,-4.6548599986803284e-05,-4.850905715258819e-06,1.3695340998031715e-05,2.3312585349839213e-05,0.0001187611947293684,6.257832176835967e-06,-5.8480653736519666e-05
2992,20:00:02,32.70297,-117.234631,20:00:06.71,115.69940476190696,32.7033975,-117.233331333,0.00042059999999821684,0.0012996669999978394,529.27,432.03,19.267,9.0,539.0,441.0,-6.535017387098791e-06,-3.636511793864378e-05,1.5930232497997471e-06,4.1084742435621426e-05,1.631456161215169e-05,6.28295072454196e-05,-3.5969888864385166e-05,-0.00022704429589785605
3007,20:00:07,32.70297,-117.234631,20:00:07.33,116.3078703703726,32.703395333,-117.233338167,0.00041843300000010686,0.0012928329999937205,530.48,432.16,21.797,9.3291,541.0,441.0,-3.84412525568107e-06,-1.3987957391852022e-05,-5.195936268196763e-06,-1.8642722069524143e-06,-1.5800750156792608e-05,-6.308342199912921e-05,-5.028823496350675e-06,-3.358029041271955e-06
3016,20:00:07,32.70297,-117.234631,20:00:07.67,116.64120370370594,32.703394,-117.233343333,0.00041709999999994807,0.0012876669999997148,531.51,432.28,23.734,9.557,543.0,442.0,-7.3325000009559255e-06,-2.1665499993161596e-05,-1.1310749493874653e-05,-2.1522085211945344e-05,-8.757095455784256e-06,-2.7027810303100118e-05,2.5640518088038553e-05,0.00010351529735429192
3034,20:00:07,32.70297,-117.234631,20:00:08.33,117.30787037037263,32.703384667,-117.233366,0.00040776699999867105,0.0012649999999894135,533.56,432.51,27.608,10.013,547.0,443.0,-1.6000500007606454e-05,-3.399950001181521e-05,-4.365687502732102e-06,3.0535462018246068e-06,1.4349321916260914e-05,3.578033762137324e-05,-3.1265981212495623e-06,-2.714373891982311e-06
3043,20:00:07,32.70297,-117.234631,20:00:08.67,117.64120370370597,32.703379,-117.233377333,0.00040209999999518686,0.0012536669999860806,534.58,432.62,29.544,10.241,549.0,443.0,-1.6016343757309934e-05,-2.9389226906239457e-05,1.0727079576129214e-06,1.479980715906925e-05,7.009418512624796e-06,1.8721113694263706e-05,-2.1780444018215866e-05,-4.832874843044024e-05
3066,20:00:07,32.70297,-117.234631,20:00:09.52,118.49305555555785,32.7033675,-117.233392333,0.00039059999999579986,0.0012386669999955302,537.2,432.91,34.494,10.823,554.0,444.0,-1.2663845454501056e-05,-1.4672541101603382e-05,-1.3214541302780312e-05,-5.210795557674655e-06,-1.102342138793824e-05,-1.6245842982617777e-05,1.4343253501439602e-05,8.963625539082769e-06
3088,20:00:07,32.70297,-117.234631,20:00:10.33,119.30787037037268,32.703357833,-117.233402,0.0003809329999953093,0.0012289999999950396,546.53,433.29,37.324,11.147,565.0,444.0,-3.679781963957581e-05,-3.644440030087801e-05,-1.7716223839260188e-05,-1.2801587997064695e-05,2.8341490328672188e-05,3.003644668890835e-05,2.97788890016849e-05,3.3662111453561174e-05
3097,20:00:07,32.70297,-117.234631,20:00:10.67,119.64120370370603,32.703342167,-117.2334175,0.00036526699999939183,0.0012134999999915408,551.65,433.47,38.118,11.235,571.0,445.0,-4.108012606616164e-05,-3.881362979714153e-05,-3.6509309601144644e-06,2.5767998848966374e-06,3.5740614813529866e-05,3.810184863184811e-05,5.319011907372079e-06,5.696296152083363e-06
3117,20:00:07,32.70297,-117.234631,20:00:11.5,120.48295454545689,32.703320167,-117.233433833,0.00034326699999809307,0.0011971669999866208,563.02,433.86,39.882,11.431,583.0,445.0,-2.46060000002892e-05,-1.6058934000568077e-05,1.2712237003724132e-05,1.7573180025055534e-05,4.340687867551992e-06,3.572684089729365e-06,-2.551610316142997e-05,-2.799554712996797e-05
3142,20:00:12,32.70297,-117.234631,20:00:12.52,121.49305555555793,32.703297167,-117.233446,0.00032026699999931907,0.001184999999992442,577.24,434.35,42.088,11.676,598.0,446.0,-2.0079325971313305e-05,-9.774184780842664e-06,-1.204751825198747e-06,3.917690600403315e-06,-7.145868800085863e-06,-8.917645925105797e-06,-6.004376020462597e-06,-6.731116666268887e-06
3191,20:00:12,32.70297,-117.234631,20:00:14.33,123.3078703703728,32.7032695,-117.233456333,0.0002925999999945361,0.0011746669999865844,609.46,435.25,45.508,12.0,632.0,447.0,-4.080611611788571e-05,-1.0177452466344009e-05,7.4510708662502666e-06,2.7368558171329326e-06,-5.419390358576277e-07,-2.7620474442903364e-06,-1.6520419390498354e-06,1.392603774227183e-06
3200,20:00:12,32.70297,-117.234631,20:00:14.67,123.64120370370614,32.703254333,-117.23346,0.00027743299999372084,0.001170999999999367,617.03,435.4,45.794,12.0,640.0,447.0,-3.716699999856029e-05,-9.083999977121623e-06,6.945232235967116e-06,1.6869049654963012e-06,-1.4165549075065555e-06,-2.4202496523264866e-06,1.1272829552392312e-05,3.766559114310916e-06
3218,20:00:12,32.70297,-117.234631,20:00:15.33,124.30787037037283,32.703240667,-117.2334635,0.0002637669999998593,0.0011674999999939928,632.17,435.68,46.365,12.0,655.0,448.0,-3.7833000003927334e-05,-1.0084000003018467e-05,6.135476942086527e-06,1.0462090673897158e-06,2.4627567683874423e-05,3.745677408440159e-06,-1.0073961651838283e-05,2.1574798361257973e-07
3227,20:00:12,32.70297,-117.234631,20:00:15.67,124.64120370370617,32.703225167,-117.233467667,0.0002482669999963605,0.0011633329999938269,639.75,435.83,46.651,12.0,663.0,448.0,-3.459876153154222e-05,-9.310895462849383e-06,1.8651699607494236e-05,3.079221746136495e-06,1.3079556210109894e-05,2.3120696350547907e-06,-7.784356503182137e-05,-7.644422924203257e-06
3242,20:00:12,32.70297,-117.234631,20:00:16.25,125.22916666666917,32.703217167,-117.233469833,0.00024026699999524226,0.001161166999992247,652.73,436.08,47.155,11.961,676.0,448.0,-1.4351249493416173e-05,-6.7123253879425825e-06,9.650456714735086e-07,5.111630655948734e-07,-7.749186790693758e-05,-5.650219538852365e-06,3.9620386643557235e-05,7.3467852985866384e-06
3248,20:00:12,32.70297,-117.234631,20:00:16.5,125.4791666666692,32.7032135,-117.233471833,0.00023659999999381398,0.0011591669999972964,658.32,436.19,47.388,11.903,682.0,448.0,-1.7667999998136833e-05,-7.000000010747541e-06,-2.3447633912927817e-05,-1.037720313563408e-06,-4.7000533684777215e-05,-1.593044658464655e-06,0.00019693150545359366,1.975977168486181e-05
3254,20:00:12,32.70297,-117.234631,20:00:16.75,125.72916666666923,32.703208333,-117.233473333,0.00023143299999617284,0.0011576669999868727,663.91,436.31,47.621,11.845,688.0,448.0,-2.6075066449881415e-05,-7.231185544724346e-06,-2.253522117091777e-05,-2.8535926363754474e-07,2.0973884819870436e-05,4.229666303579662e-06,0.00019237788752573048,1.604166106002749e-05
3269,20:00:17,32.70297,-117.234631,20:00:17.33,126.30787037037297,32.703186,-117.233479167,0.00020909999999929596,0.0011518329999944399,677.89,436.6,48.204,11.699,702.0,448.0,-2.4256129589911996e-05,-6.539811886488878e-06,1.2809847113460588e-05,3.796963946430666e-06,2.5779618431692797e-05,3.802088379230608e-06,-4.0238130612109985e-05,-5.108578985498696e-06
3278,20:00:17,32.70297,-117.234631,20:00:17.67,126.64120370370631,32.703180667,-117.233480667,0.00020376699999502534,0.001150332999998227,686.28,436.78,48.553,11.612,711.0,448.0,-1.813016950196043e-05,-4.77452134679865e-06,1.4626094621126245e-05,4.439910842976339e-06,3.0467600753347753e-06,1.2602416456107368e-06,-5.876234799971604e-05,-6.728258292002163e-06
3328,20:00:17,32.70297,-117.234631,20:00:19.52,128.49305555555821,32.703125167,-117.233492333,0.00014826700000014625,0.0011386669999922105,732.88,437.75,50.495,11.126,758.0,449.0,-2.9643426816005998e-05,-5.358645054190149e-06,-4.443510667987434e-06,-1.048993197428856e-07,-8.69187748220474e-06,-1.9682005735576415e-06,-3.969734895510314e-06,-1.347569046487103e-06
3509,20:00:22,32.70297,-117.234631,20:00:26.48,135.46130952381216,32.702927167,-117.233505,-4.9733000004437145e-05,0.0011259999999992942,917.0,437.88,48.588,11.118,941.0,449.0,-1.4100914466951047e-05,-5.694649979203371e-07,-2.2908146785410796e-05,-1.0767171954136534e-06,2.5765863390757107e-05,-9.805812395865246e-07,4.90521441302735e-05,-5.449245415891932e-07
3527,20:00:27,32.70297,-117.234631,20:00:27.26,136.23379629629883,32.7029175,-117.233505333,-5.940000000492773e-05,0.0011256669999966107,935.0,437.71,46.471,11.294,958.0,449.0,-3.3949934526874474e-05,-1.5522775374948727e-06,-5.709426022381146e-07,-1.9062334731313285e-06,6.74351739658024e-05,-1.4603309333545694e-06,-4.75233795380343e-05,1.3858821573695165e-07
3534,20:00:27,32.70297,-117.234631,20:00:27.52,136.4930555555581,32.702906833,-117.233505833,-7.006700000289356e-05,0.001125166999997873,942.0,437.64,45.647,11.363,965.0,449.0,-3.1911873615882516e-05,-2.101648346341904e-06,2.0263870899118337e-05,-2.318468240220962e-06,4.6285644999932874e-05,-1.3583036283356828e-06,-0.00013274408987040624,1.634393648765208e-06
3540,20:00:27,32.70297,-117.234631,20:00:27.74,136.71527777778033,32.7029015,-117.233506333,-7.540000000005875e-05,0.0011246669999991354,948.0,437.58,44.941,11.422,970.0,449.0,-2.5046357134072427e-05,-2.6548571392076385e-06,2.4058673201949473e-05,-2.5761716321031843e-06,7.04079925963152e-06,-7.587508001063017e-07,-0.00014351010292695124,2.5486098064007506e-06
3561,20:00:27,32.70297,-117.234631,20:00:28.52,137.49305555555813,32.702879167,-117.2335095,-9.773300000404106e-05,0.0011214999999964448,969.0,437.37,42.471,11.627,990.0,449.0,-2.4943577829420466e-05,-4.894650138963794e-06,2.215142400979087e-06,-2.0749328819180926e-06,-1.4495200666020515e-05,8.168613764866624e-07,-7.739314379404252e-06,1.2288236242520303e-06
3587,20:00:27,32.70297,-117.234631,20:00:29.5,138.47596153846425,32.702859333,-117.233515333,-0.00011756700000375986,0.0011156669999934365,995.0,437.12,39.412,11.882,1015.0,449.0,-2.017893913014592e-05,-5.934443481320609e-06,4.847501981000395e-06,-1.0578767048324401e-06,2.678139746630006e-06,1.0347441106000434e-06,1.7472007202433347e-05,2.216719990544528e-07
